# Blender 5.2.2 LTS
# www.blender.org
o hero
v 0.000000 0.173000 0.000000
v 0.000000 0.113440 -0.145897
v 0.000000 0.070213 -0.182949
v 0.000000 0.018450 -0.210827
v 0.000000 -0.039252 -0.228133
v 0.000000 -0.160748 -0.228133
v 0.000000 -0.270213 -0.182949
v 0.000000 -0.373000 0.000000
v 0.014974 0.166155 -0.050296
v 0.029197 0.145964 -0.098069
v 0.041956 0.113440 -0.140925
v 0.052612 0.070213 -0.176715
v 0.060629 0.018450 -0.203643
v 0.065606 -0.039252 -0.220360
v 0.067293 -0.100000 -0.226027
v 0.065606 -0.160748 -0.220360
v 0.060629 -0.218450 -0.203643
v 0.052612 -0.270213 -0.176715
v 0.041956 -0.313440 -0.140925
v 0.029197 -0.345964 -0.098069
v 0.014974 -0.366155 -0.050296
v 0.028928 0.166155 -0.045094
v 0.056405 0.145964 -0.087927
v 0.081054 0.113440 -0.126350
v 0.101638 0.070213 -0.158438
v 0.117126 0.018450 -0.182581
v 0.126741 -0.039252 -0.197569
v 0.130000 -0.100000 -0.202650
v 0.126741 -0.160748 -0.197569
v 0.117126 -0.218450 -0.182581
v 0.101638 -0.270213 -0.158438
v 0.081054 -0.313440 -0.126350
v 0.056405 -0.345964 -0.087927
v 0.028928 -0.366155 -0.045094
v 0.040910 0.166155 -0.036819
v 0.079769 0.145964 -0.071792
v 0.114627 0.113440 -0.103164
v 0.143738 0.070213 -0.129364
v 0.165641 0.018450 -0.149077
v 0.179238 -0.039252 -0.161314
v 0.183848 -0.100000 -0.165463
v 0.179238 -0.160748 -0.161314
v 0.165641 -0.218450 -0.149077
v 0.143738 -0.270213 -0.129364
v 0.114627 -0.313440 -0.103164
v 0.079769 -0.345964 -0.071792
v 0.040910 -0.366155 -0.036819
v 0.050104 0.166155 -0.026035
v 0.097696 0.145964 -0.050764
v 0.140389 0.113440 -0.072948
v 0.176042 0.070213 -0.091474
v 0.202868 0.018450 -0.105413
v 0.219521 -0.039252 -0.114067
v 0.225167 -0.100000 -0.117000
v 0.219521 -0.160748 -0.114067
v 0.202868 -0.218450 -0.105413
v 0.176042 -0.270213 -0.091474
v 0.140389 -0.313440 -0.072948
v 0.097696 -0.345964 -0.050764
v 0.050104 -0.366155 -0.026035
v 0.055884 0.166155 -0.013477
v 0.108966 0.145964 -0.026278
v 0.156584 0.113440 -0.037761
v 0.196350 0.070213 -0.047351
v 0.226270 0.018450 -0.054566
v 0.244844 -0.039252 -0.059045
v 0.251141 -0.100000 -0.060564
v 0.244844 -0.160748 -0.059045
v 0.226270 -0.218450 -0.054566
v 0.196350 -0.270213 -0.047351
v 0.156584 -0.313440 -0.037761
v 0.108966 -0.345964 -0.026278
v 0.055884 -0.366155 -0.013477
v 0.057855 0.166155 0.000000
v 0.112810 0.145964 0.000000
v 0.162107 0.113440 -0.000000
v 0.203276 0.070213 0.000000
v 0.234252 0.018450 0.000000
v 0.253481 -0.039252 0.000000
v 0.260000 -0.100000 -0.000000
v 0.253481 -0.160748 0.000000
v 0.234252 -0.218450 0.000000
v 0.203276 -0.270213 0.000000
v 0.162107 -0.313440 -0.000000
v 0.112810 -0.345964 0.000000
v 0.057855 -0.366155 0.000000
v 0.055884 0.166155 0.013477
v 0.108966 0.145964 0.026278
v 0.156584 0.113440 0.037761
v 0.196350 0.070213 0.047351
v 0.226270 0.018450 0.054566
v 0.244844 -0.039252 0.059045
v 0.251141 -0.100000 0.060564
v 0.244844 -0.160748 0.059045
v 0.226270 -0.218450 0.054566
v 0.196350 -0.270213 0.047351
v 0.156584 -0.313440 0.037761
v 0.108966 -0.345964 0.026278
v 0.055884 -0.366155 0.013477
v 0.050104 0.166155 0.026035
v 0.097696 0.145964 0.050764
v 0.140389 0.113440 0.072948
v 0.176042 0.070213 0.091474
v 0.202868 0.018450 0.105413
v 0.219521 -0.039252 0.114067
v 0.225167 -0.100000 0.117000
v 0.219521 -0.160748 0.114067
v 0.202868 -0.218450 0.105413
v 0.176042 -0.270213 0.091474
v 0.140389 -0.313440 0.072948
v 0.097696 -0.345964 0.050764
v 0.050104 -0.366155 0.026035
v 0.040910 0.166155 0.036819
v 0.079769 0.145964 0.071792
v 0.114627 0.113440 0.103164
v 0.143738 0.070213 0.129364
v 0.165641 0.018450 0.149077
v 0.179238 -0.039252 0.161314
v 0.183848 -0.100000 0.165463
v 0.179238 -0.160748 0.161314
v 0.165641 -0.218450 0.149077
v 0.143738 -0.270213 0.129364
v 0.114627 -0.313440 0.103164
v 0.079769 -0.345964 0.071792
v 0.040910 -0.366155 0.036819
v 0.028928 0.166155 0.045094
v 0.056405 0.145964 0.087926
v 0.081054 0.113440 0.126350
v 0.101638 0.070213 0.158438
v 0.117126 0.018450 0.182581
v 0.126741 -0.039252 0.197569
v 0.130000 -0.100000 0.202650
v 0.126741 -0.160748 0.197569
v 0.117126 -0.218450 0.182581
v 0.101638 -0.270213 0.158438
v 0.081054 -0.313440 0.126350
v 0.056405 -0.345964 0.087926
v 0.028928 -0.366155 0.045094
v 0.014974 0.166155 0.050296
v 0.029197 0.145964 0.098069
v 0.041956 0.113440 0.140925
v 0.052612 0.070213 0.176715
v 0.060629 0.018450 0.203643
v 0.065606 -0.039252 0.220360
v 0.067293 -0.100000 0.226027
v 0.065606 -0.160748 0.220360
v 0.060629 -0.218450 0.203643
v 0.052612 -0.270213 0.176715
v 0.041956 -0.313440 0.140925
v 0.029197 -0.345964 0.098069
v 0.014974 -0.366155 0.050296
v 0.000000 0.166155 0.052070
v 0.000000 0.145964 0.101529
v 0.000000 0.113440 0.145897
v -0.000000 0.070213 0.182949
v -0.000000 0.018450 0.210827
v -0.000000 -0.039252 0.228133
v 0.000000 -0.100000 0.234000
v -0.000000 -0.160748 0.228133
v -0.000000 -0.218450 0.210827
v -0.000000 -0.270213 0.182949
v 0.000000 -0.313440 0.145897
v 0.000000 -0.345964 0.101529
v 0.000000 -0.366155 0.052070
v -0.014974 0.166155 0.050296
v -0.029197 0.145964 0.098069
v -0.041956 0.113440 0.140925
v -0.052612 0.070213 0.176715
v -0.060629 0.018450 0.203643
v -0.065606 -0.039252 0.220360
v -0.067293 -0.100000 0.226027
v -0.065606 -0.160748 0.220360
v -0.060629 -0.218450 0.203643
v -0.052612 -0.270213 0.176715
v -0.041956 -0.313440 0.140925
v -0.029197 -0.345964 0.098069
v -0.014974 -0.366155 0.050296
v -0.028928 0.166155 0.045094
v -0.056405 0.145964 0.087926
v -0.081054 0.113440 0.126350
v -0.101638 0.070213 0.158438
v -0.117126 0.018450 0.182581
v -0.126741 -0.039252 0.197569
v -0.130000 -0.100000 0.202650
v -0.126741 -0.160748 0.197569
v -0.117126 -0.218450 0.182581
v -0.101638 -0.270213 0.158438
v -0.081054 -0.313440 0.126350
v -0.056405 -0.345964 0.087926
v -0.028928 -0.366155 0.045094
v -0.040910 0.166155 0.036819
v -0.079769 0.145964 0.071792
v -0.114627 0.113440 0.103164
v -0.143738 0.070213 0.129364
v -0.165641 0.018450 0.149077
v -0.179238 -0.039252 0.161314
v -0.183848 -0.100000 0.165463
v -0.179238 -0.160748 0.161314
v -0.165641 -0.218450 0.149077
v -0.143738 -0.270213 0.129364
v -0.114627 -0.313440 0.103164
v -0.079769 -0.345964 0.071792
v -0.040910 -0.366155 0.036819
v -0.050104 0.166155 0.026035
v -0.097696 0.145964 0.050764
v -0.140389 0.113440 0.072948
v -0.176042 0.070213 0.091474
v -0.202868 0.018450 0.105413
v -0.219521 -0.039252 0.114067
v -0.225167 -0.100000 0.117000
v -0.219521 -0.160748 0.114067
v -0.202868 -0.218450 0.105413
v -0.176042 -0.270213 0.091474
v -0.140389 -0.313440 0.072948
v -0.097696 -0.345964 0.050764
v -0.050104 -0.366155 0.026035
v -0.055884 0.166155 0.013477
v -0.108966 0.145964 0.026278
v -0.156584 0.113440 0.037761
v -0.196350 0.070213 0.047351
v -0.226270 0.018450 0.054566
v -0.244844 -0.039252 0.059045
v -0.251141 -0.100000 0.060564
v -0.244844 -0.160748 0.059045
v -0.226270 -0.218450 0.054566
v -0.196350 -0.270213 0.047351
v -0.156584 -0.313440 0.037761
v -0.108966 -0.345964 0.026278
v -0.055884 -0.366155 0.013477
v -0.057855 0.166155 0.000000
v -0.112810 0.145964 0.000000
v -0.162107 0.113440 -0.000000
v -0.203276 0.070213 -0.000000
v -0.234252 0.018450 -0.000000
v -0.253481 -0.039252 -0.000000
v -0.260000 -0.100000 0.000000
v -0.253481 -0.160748 -0.000000
v -0.234252 -0.218450 -0.000000
v -0.203276 -0.270213 -0.000000
v -0.162107 -0.313440 -0.000000
v -0.112810 -0.345964 0.000000
v -0.057855 -0.366155 0.000000
v -0.055884 0.166155 -0.013477
v -0.108966 0.145964 -0.026278
v -0.156584 0.113440 -0.037761
v -0.196350 0.070213 -0.047351
v -0.226270 0.018450 -0.054566
v -0.244844 -0.039252 -0.059045
v -0.251141 -0.100000 -0.060564
v -0.244844 -0.160748 -0.059045
v -0.226270 -0.218450 -0.054566
v -0.196350 -0.270213 -0.047351
v -0.156584 -0.313440 -0.037761
v -0.108966 -0.345964 -0.026278
v -0.055884 -0.366155 -0.013477
v -0.050104 0.166155 -0.026035
v -0.097696 0.145964 -0.050764
v -0.140389 0.113440 -0.072948
v -0.176042 0.070213 -0.091474
v -0.202868 0.018450 -0.105413
v -0.219521 -0.039252 -0.114067
v -0.225167 -0.100000 -0.117000
v -0.219521 -0.160748 -0.114067
v -0.202868 -0.218450 -0.105413
v -0.176042 -0.270213 -0.091474
v -0.140389 -0.313440 -0.072948
v -0.097696 -0.345964 -0.050764
v -0.050104 -0.366155 -0.026035
v -0.040910 0.166155 -0.036819
v -0.079769 0.145964 -0.071792
v -0.114627 0.113440 -0.103164
v -0.143738 0.070213 -0.129364
v -0.165641 0.018450 -0.149077
v -0.179238 -0.039252 -0.161314
v -0.183848 -0.100000 -0.165463
v -0.179238 -0.160748 -0.161314
v -0.165641 -0.218450 -0.149077
v -0.143738 -0.270213 -0.129364
v -0.114627 -0.313440 -0.103164
v -0.079769 -0.345964 -0.071792
v -0.040910 -0.366155 -0.036819
v -0.028928 0.166155 -0.045094
v -0.056405 0.145964 -0.087926
v -0.081054 0.113440 -0.126350
v -0.101638 0.070213 -0.158438
v -0.117126 0.018450 -0.182581
v -0.126741 -0.039252 -0.197569
v -0.130000 -0.100000 -0.202650
v -0.126741 -0.160748 -0.197569
v -0.117126 -0.218450 -0.182581
v -0.101638 -0.270213 -0.158438
v -0.081054 -0.313440 -0.126350
v -0.056405 -0.345964 -0.087926
v -0.028928 -0.366155 -0.045094
v -0.014974 0.166155 -0.050296
v -0.029197 0.145964 -0.098069
v -0.041956 0.113440 -0.140925
v -0.052612 0.070213 -0.176715
v -0.060629 0.018450 -0.203643
v -0.065606 -0.039252 -0.220360
v -0.067293 -0.100000 -0.226027
v -0.065606 -0.160748 -0.220360
v -0.060629 -0.218450 -0.203643
v -0.052612 -0.270213 -0.176715
v -0.041956 -0.313440 -0.140925
v -0.029197 -0.345964 -0.098069
v -0.014974 -0.366155 -0.050296
v 0.000000 0.166155 -0.052070
v -0.000000 0.145964 -0.101529
v -0.000000 -0.100000 -0.234000
v 0.000000 -0.218450 -0.210827
v 0.000000 -0.313440 -0.145897
v -0.000000 -0.345964 -0.101529
v 0.000000 -0.366155 -0.052070
v 0.000000 0.420000 0.000000
v 0.000000 0.400194 -0.086777
v 0.000000 0.344698 -0.156366
v 0.000000 0.095302 -0.156366
v 0.000000 0.039806 -0.086777
v 0.000000 0.020000 0.000000
v 0.011519 0.414986 -0.042988
v 0.022459 0.400194 -0.083820
v 0.032274 0.376366 -0.120449
v 0.040471 0.344698 -0.151038
v 0.046638 0.306777 -0.174054
v 0.050466 0.264504 -0.188342
v 0.051764 0.220000 -0.193185
v 0.050466 0.175496 -0.188342
v 0.046638 0.133223 -0.174054
v 0.040471 0.095302 -0.151038
v 0.032274 0.063634 -0.120449
v 0.022459 0.039806 -0.083820
v 0.011519 0.025014 -0.042988
v 0.022252 0.414986 -0.038542
v 0.043388 0.400194 -0.075151
v 0.062349 0.376366 -0.107992
v 0.078183 0.344698 -0.135417
v 0.090097 0.306777 -0.156052
v 0.097493 0.264504 -0.168862
v 0.100000 0.220000 -0.173205
v 0.097493 0.175496 -0.168862
v 0.090097 0.133223 -0.156052
v 0.078183 0.095302 -0.135417
v 0.062349 0.063634 -0.107992
v 0.043388 0.039806 -0.075151
v 0.022252 0.025014 -0.038542
v 0.031469 0.414986 -0.031469
v 0.061360 0.400194 -0.061360
v 0.088175 0.376366 -0.088175
v 0.110568 0.344698 -0.110568
v 0.127416 0.306777 -0.127416
v 0.137876 0.264504 -0.137876
v 0.141421 0.220000 -0.141421
v 0.137876 0.175496 -0.137876
v 0.127416 0.133223 -0.127416
v 0.110568 0.095302 -0.110568
v 0.088175 0.063634 -0.088175
v 0.061360 0.039806 -0.061360
v 0.031469 0.025014 -0.031469
v 0.038542 0.414986 -0.022252
v 0.075151 0.400194 -0.043388
v 0.107992 0.376366 -0.062349
v 0.135417 0.344698 -0.078183
v 0.156052 0.306777 -0.090097
v 0.168862 0.264504 -0.097493
v 0.173205 0.220000 -0.100000
v 0.168862 0.175496 -0.097493
v 0.156052 0.133223 -0.090097
v 0.135417 0.095302 -0.078183
v 0.107992 0.063634 -0.062349
v 0.075151 0.039806 -0.043388
v 0.038542 0.025014 -0.022252
v 0.042988 0.414986 -0.011519
v 0.083820 0.400194 -0.022459
v 0.120449 0.376366 -0.032274
v 0.151038 0.344698 -0.040471
v 0.174054 0.306777 -0.046638
v 0.188342 0.264504 -0.050466
v 0.193185 0.220000 -0.051764
v 0.188342 0.175496 -0.050466
v 0.174054 0.133223 -0.046638
v 0.151038 0.095302 -0.040471
v 0.120449 0.063634 -0.032274
v 0.083820 0.039806 -0.022459
v 0.042988 0.025014 -0.011519
v 0.044504 0.414986 0.000000
v 0.086777 0.400194 0.000000
v 0.124698 0.376366 0.000000
v 0.156366 0.344698 0.000000
v 0.180194 0.306777 0.000000
v 0.194986 0.264504 -0.000000
v 0.200000 0.220000 0.000000
v 0.194986 0.175496 -0.000000
v 0.180194 0.133223 0.000000
v 0.156366 0.095302 0.000000
v 0.124698 0.063634 0.000000
v 0.086777 0.039806 0.000000
v 0.044504 0.025014 0.000000
v 0.042988 0.414986 0.011519
v 0.083820 0.400194 0.022459
v 0.120449 0.376366 0.032274
v 0.151038 0.344698 0.040471
v 0.174054 0.306777 0.046638
v 0.188342 0.264504 0.050466
v 0.193185 0.220000 0.051764
v 0.188342 0.175496 0.050466
v 0.174054 0.133223 0.046638
v 0.151038 0.095302 0.040471
v 0.120449 0.063634 0.032274
v 0.083820 0.039806 0.022459
v 0.042988 0.025014 0.011519
v 0.038542 0.414986 0.022252
v 0.075151 0.400194 0.043388
v 0.107992 0.376366 0.062349
v 0.135417 0.344698 0.078183
v 0.156052 0.306777 0.090097
v 0.168862 0.264504 0.097493
v 0.173205 0.220000 0.100000
v 0.168862 0.175496 0.097493
v 0.156052 0.133223 0.090097
v 0.135417 0.095302 0.078183
v 0.107992 0.063634 0.062349
v 0.075151 0.039806 0.043388
v 0.038542 0.025014 0.022252
v 0.031469 0.414986 0.031469
v 0.061360 0.400194 0.061360
v 0.088175 0.376366 0.088175
v 0.110568 0.344698 0.110568
v 0.127416 0.306777 0.127416
v 0.137876 0.264504 0.137876
v 0.141421 0.220000 0.141421
v 0.137876 0.175496 0.137876
v 0.127416 0.133223 0.127416
v 0.110568 0.095302 0.110568
v 0.088175 0.063634 0.088175
v 0.061360 0.039806 0.061360
v 0.031469 0.025014 0.031469
v 0.022252 0.414986 0.038542
v 0.043388 0.400194 0.075151
v 0.062349 0.376366 0.107992
v 0.078183 0.344698 0.135417
v 0.090097 0.306777 0.156052
v 0.097493 0.264504 0.168862
v 0.100000 0.220000 0.173205
v 0.097493 0.175496 0.168862
v 0.090097 0.133223 0.156052
v 0.078183 0.095302 0.135417
v 0.062349 0.063634 0.107992
v 0.043388 0.039806 0.075151
v 0.022252 0.025014 0.038542
v 0.011519 0.414986 0.042988
v 0.022459 0.400194 0.083820
v 0.032274 0.376366 0.120449
v 0.040471 0.344698 0.151038
v 0.046638 0.306777 0.174054
v 0.050466 0.264504 0.188342
v 0.051764 0.220000 0.193185
v 0.050466 0.175496 0.188342
v 0.046638 0.133223 0.174054
v 0.040471 0.095302 0.151038
v 0.032274 0.063634 0.120449
v 0.022459 0.039806 0.083820
v 0.011519 0.025014 0.042988
v 0.000000 0.414986 0.044504
v -0.000000 0.400194 0.086777
v 0.000000 0.376366 0.124698
v -0.000000 0.344698 0.156366
v 0.000000 0.306777 0.180194
v 0.000000 0.264504 0.194986
v -0.000000 0.220000 0.200000
v 0.000000 0.175496 0.194986
v 0.000000 0.133223 0.180194
v -0.000000 0.095302 0.156366
v 0.000000 0.063634 0.124698
v -0.000000 0.039806 0.086777
v 0.000000 0.025014 0.044504
v -0.011519 0.414986 0.042988
v -0.022459 0.400194 0.083820
v -0.032274 0.376366 0.120449
v -0.040471 0.344698 0.151038
v -0.046638 0.306777 0.174054
v -0.050466 0.264504 0.188342
v -0.051764 0.220000 0.193185
v -0.050466 0.175496 0.188342
v -0.046638 0.133223 0.174054
v -0.040471 0.095302 0.151038
v -0.032274 0.063634 0.120449
v -0.022459 0.039806 0.083820
v -0.011519 0.025014 0.042988
v -0.022252 0.414986 0.038542
v -0.043388 0.400194 0.075151
v -0.062349 0.376366 0.107992
v -0.078183 0.344698 0.135417
v -0.090097 0.306777 0.156052
v -0.097493 0.264504 0.168862
v -0.100000 0.220000 0.173205
v -0.097493 0.175496 0.168862
v -0.090097 0.133223 0.156052
v -0.078183 0.095302 0.135417
v -0.062349 0.063634 0.107992
v -0.043388 0.039806 0.075151
v -0.022252 0.025014 0.038542
v -0.031469 0.414986 0.031469
v -0.061360 0.400194 0.061360
v -0.088175 0.376366 0.088175
v -0.110568 0.344698 0.110568
v -0.127416 0.306777 0.127416
v -0.137876 0.264504 0.137876
v -0.141421 0.220000 0.141421
v -0.137876 0.175496 0.137876
v -0.127416 0.133223 0.127416
v -0.110568 0.095302 0.110568
v -0.088175 0.063634 0.088175
v -0.061360 0.039806 0.061360
v -0.031469 0.025014 0.031469
v -0.038542 0.414986 0.022252
v -0.075151 0.400194 0.043388
v -0.107992 0.376366 0.062349
v -0.135417 0.344698 0.078183
v -0.156052 0.306777 0.090097
v -0.168862 0.264504 0.097493
v -0.173205 0.220000 0.100000
v -0.168862 0.175496 0.097493
v -0.156052 0.133223 0.090097
v -0.135417 0.095302 0.078183
v -0.107992 0.063634 0.062349
v -0.075151 0.039806 0.043388
v -0.038542 0.025014 0.022252
v -0.042988 0.414986 0.011519
v -0.083820 0.400194 0.022459
v -0.120449 0.376366 0.032274
v -0.151038 0.344698 0.040471
v -0.174054 0.306777 0.046638
v -0.188342 0.264504 0.050466
v -0.193185 0.220000 0.051764
v -0.188342 0.175496 0.050466
v -0.174054 0.133223 0.046638
v -0.151038 0.095302 0.040471
v -0.120449 0.063634 0.032274
v -0.083820 0.039806 0.022459
v -0.042988 0.025014 0.011519
v -0.044504 0.414986 -0.000000
v -0.086777 0.400194 -0.000000
v -0.124698 0.376366 0.000000
v -0.156366 0.344698 -0.000000
v -0.180194 0.306777 0.000000
v -0.194986 0.264504 0.000000
v -0.200000 0.220000 -0.000000
v -0.194986 0.175496 0.000000
v -0.180194 0.133223 0.000000
v -0.156366 0.095302 -0.000000
v -0.124698 0.063634 0.000000
v -0.086777 0.039806 -0.000000
v -0.044504 0.025014 -0.000000
v -0.042988 0.414986 -0.011519
v -0.083820 0.400194 -0.022459
v -0.120449 0.376366 -0.032274
v -0.151038 0.344698 -0.040471
v -0.174054 0.306777 -0.046638
v -0.188342 0.264504 -0.050466
v -0.193185 0.220000 -0.051764
v -0.188342 0.175496 -0.050466
v -0.174054 0.133223 -0.046638
v -0.151038 0.095302 -0.040471
v -0.120449 0.063634 -0.032274
v -0.083820 0.039806 -0.022459
v -0.042988 0.025014 -0.011519
v -0.038542 0.414986 -0.022252
v -0.075151 0.400194 -0.043388
v -0.107992 0.376366 -0.062349
v -0.135417 0.344698 -0.078183
v -0.156052 0.306777 -0.090097
v -0.168862 0.264504 -0.097493
v -0.173205 0.220000 -0.100000
v -0.168862 0.175496 -0.097493
v -0.156052 0.133223 -0.090097
v -0.135417 0.095302 -0.078183
v -0.107992 0.063634 -0.062349
v -0.075151 0.039806 -0.043388
v -0.038542 0.025014 -0.022252
v -0.031469 0.414986 -0.031469
v -0.061360 0.400194 -0.061360
v -0.088175 0.376366 -0.088175
v -0.110568 0.344698 -0.110568
v -0.127416 0.306777 -0.127416
v -0.137876 0.264504 -0.137876
v -0.141421 0.220000 -0.141421
v -0.137876 0.175496 -0.137876
v -0.127416 0.133223 -0.127416
v -0.110568 0.095302 -0.110568
v -0.088175 0.063634 -0.088175
v -0.061360 0.039806 -0.061360
v -0.031469 0.025014 -0.031469
v -0.022252 0.414986 -0.038542
v -0.043388 0.400194 -0.075151
v -0.062349 0.376366 -0.107992
v -0.078183 0.344698 -0.135417
v -0.090097 0.306777 -0.156052
v -0.097493 0.264504 -0.168862
v -0.100000 0.220000 -0.173205
v -0.097493 0.175496 -0.168862
v -0.090097 0.133223 -0.156052
v -0.078183 0.095302 -0.135417
v -0.062349 0.063634 -0.107992
v -0.043388 0.039806 -0.075151
v -0.022252 0.025014 -0.038542
v -0.011519 0.414986 -0.042988
v -0.022459 0.400194 -0.083820
v -0.032274 0.376366 -0.120449
v -0.040471 0.344698 -0.151038
v -0.046638 0.306777 -0.174054
v -0.050466 0.264504 -0.188342
v -0.051764 0.220000 -0.193185
v -0.050466 0.175496 -0.188342
v -0.046638 0.133223 -0.174054
v -0.040471 0.095302 -0.151038
v -0.032274 0.063634 -0.120449
v -0.022459 0.039806 -0.083820
v -0.011519 0.025014 -0.042988
v 0.000000 0.414986 -0.044504
v -0.000000 0.376366 -0.124698
v -0.000000 0.306777 -0.180194
v -0.000000 0.264504 -0.194986
v 0.000000 0.220000 -0.200000
v -0.000000 0.175496 -0.194986
v -0.000000 0.133223 -0.180194
v -0.000000 0.063634 -0.124698
v 0.000000 0.025014 -0.044504
v 0.000000 0.275000 -0.220000
v 0.000000 0.325000 -0.220000
v 0.056940 0.275000 -0.212504
v 0.056940 0.325000 -0.212504
v 0.110000 0.275000 -0.190526
v 0.110000 0.325000 -0.190526
v 0.155563 0.275000 -0.155563
v 0.155563 0.325000 -0.155563
v 0.190526 0.275000 -0.110000
v 0.190526 0.325000 -0.110000
v 0.212504 0.275000 -0.056940
v 0.212504 0.325000 -0.056940
v 0.220000 0.275000 0.000000
v 0.220000 0.325000 0.000000
v 0.212504 0.275000 0.056940
v 0.212504 0.325000 0.056940
v 0.190526 0.275000 0.110000
v 0.190526 0.325000 0.110000
v 0.155563 0.275000 0.155563
v 0.155563 0.325000 0.155563
v 0.110000 0.275000 0.190526
v 0.110000 0.325000 0.190526
v 0.056940 0.275000 0.212504
v 0.056940 0.325000 0.212504
v 0.000000 0.275000 0.220000
v 0.000000 0.325000 0.220000
v -0.056940 0.275000 0.212504
v -0.056940 0.325000 0.212504
v -0.110000 0.275000 0.190526
v -0.110000 0.325000 0.190526
v -0.155563 0.275000 0.155563
v -0.155563 0.325000 0.155563
v -0.190526 0.275000 0.110000
v -0.190526 0.325000 0.110000
v -0.212504 0.275000 0.056940
v -0.212504 0.325000 0.056940
v -0.220000 0.275000 0.000000
v -0.220000 0.325000 0.000000
v -0.212504 0.275000 -0.056940
v -0.212504 0.325000 -0.056940
v -0.190526 0.275000 -0.110000
v -0.190526 0.325000 -0.110000
v -0.155563 0.275000 -0.155563
v -0.155563 0.325000 -0.155563
v -0.110000 0.275000 -0.190526
v -0.110000 0.325000 -0.190526
v -0.056940 0.275000 -0.212504
v -0.056940 0.325000 -0.212504
v 0.000000 0.390000 0.160000
v 0.000000 0.390000 0.240000
v 0.022961 0.385433 0.160000
v 0.022961 0.385433 0.240000
v 0.042426 0.372426 0.160000
v 0.042426 0.372426 0.240000
v 0.055433 0.352961 0.160000
v 0.055433 0.352961 0.240000
v 0.060000 0.330000 0.160000
v 0.060000 0.330000 0.240000
v 0.055433 0.307039 0.160000
v 0.055433 0.307039 0.240000
v 0.042426 0.287574 0.160000
v 0.042426 0.287574 0.240000
v 0.022961 0.274567 0.160000
v 0.022961 0.274567 0.240000
v 0.000000 0.270000 0.160000
v 0.000000 0.270000 0.240000
v -0.022961 0.274567 0.160000
v -0.022961 0.274567 0.240000
v -0.042426 0.287574 0.160000
v -0.042426 0.287574 0.240000
v -0.055433 0.307039 0.160000
v -0.055433 0.307039 0.240000
v -0.060000 0.330000 0.160000
v -0.060000 0.330000 0.240000
v -0.055433 0.352961 0.160000
v -0.055433 0.352961 0.240000
v -0.042426 0.372426 0.160000
v -0.042426 0.372426 0.240000
v -0.022961 0.385433 0.160000
v -0.022961 0.385433 0.240000
v -0.080000 0.245000 0.180000
v -0.080000 0.231820 0.148180
v -0.080000 0.200000 0.135000
v -0.080000 0.182779 0.138425
v -0.080000 0.168180 0.148180
v -0.080000 0.155000 0.180000
v -0.071390 0.241575 0.165086
v -0.064090 0.231820 0.152443
v -0.059213 0.217221 0.143995
v -0.057500 0.200000 0.141029
v -0.059213 0.182779 0.143995
v -0.064090 0.168180 0.152443
v -0.071390 0.158425 0.165086
v -0.065086 0.241575 0.171390
v -0.052443 0.231820 0.164090
v -0.043995 0.217221 0.159213
v -0.041029 0.200000 0.157500
v -0.043995 0.182779 0.159213
v -0.052443 0.168180 0.164090
v -0.065086 0.158425 0.171390
v -0.062779 0.241575 0.180000
v -0.048180 0.231820 0.180000
v -0.038425 0.217221 0.180000
v -0.035000 0.200000 0.180000
v -0.038425 0.182779 0.180000
v -0.048180 0.168180 0.180000
v -0.062779 0.158425 0.180000
v -0.065086 0.241575 0.188610
v -0.052443 0.231820 0.195910
v -0.043995 0.217221 0.200787
v -0.041029 0.200000 0.202500
v -0.043995 0.182779 0.200787
v -0.052443 0.168180 0.195910
v -0.065086 0.158425 0.188610
v -0.071390 0.241575 0.194914
v -0.064090 0.231820 0.207557
v -0.059213 0.217221 0.216005
v -0.057500 0.200000 0.218971
v -0.059213 0.182779 0.216005
v -0.064090 0.168180 0.207557
v -0.071390 0.158425 0.194914
v -0.080000 0.241575 0.197221
v -0.080000 0.231820 0.211820
v -0.080000 0.217221 0.221575
v -0.080000 0.200000 0.225000
v -0.080000 0.182779 0.221575
v -0.080000 0.168180 0.211820
v -0.080000 0.158425 0.197221
v -0.088610 0.241575 0.194914
v -0.095910 0.231820 0.207557
v -0.100787 0.217221 0.216005
v -0.102500 0.200000 0.218971
v -0.100787 0.182779 0.216005
v -0.095910 0.168180 0.207557
v -0.088610 0.158425 0.194914
v -0.094914 0.241575 0.188610
v -0.107557 0.231820 0.195910
v -0.116005 0.217221 0.200787
v -0.118971 0.200000 0.202500
v -0.116005 0.182779 0.200787
v -0.107557 0.168180 0.195910
v -0.094914 0.158425 0.188610
v -0.097221 0.241575 0.180000
v -0.111820 0.231820 0.180000
v -0.121575 0.217221 0.180000
v -0.125000 0.200000 0.180000
v -0.121575 0.182779 0.180000
v -0.111820 0.168180 0.180000
v -0.097221 0.158425 0.180000
v -0.094914 0.241575 0.171390
v -0.107557 0.231820 0.164090
v -0.116005 0.217221 0.159213
v -0.118971 0.200000 0.157500
v -0.116005 0.182779 0.159213
v -0.107557 0.168180 0.164090
v -0.094914 0.158425 0.171390
v -0.088610 0.241575 0.165086
v -0.095910 0.231820 0.152443
v -0.100787 0.217221 0.143995
v -0.102500 0.200000 0.141029
v -0.100787 0.182779 0.143995
v -0.095910 0.168180 0.152443
v -0.088610 0.158425 0.165086
v -0.080000 0.241575 0.162779
v -0.080000 0.217221 0.138425
v -0.080000 0.158425 0.162779
v 0.080000 0.245000 0.180000
v 0.080000 0.231820 0.148180
v 0.080000 0.200000 0.135000
v 0.080000 0.182779 0.138425
v 0.080000 0.168180 0.148180
v 0.080000 0.155000 0.180000
v 0.088610 0.241575 0.165086
v 0.095910 0.231820 0.152443
v 0.100787 0.217221 0.143995
v 0.102500 0.200000 0.141029
v 0.100787 0.182779 0.143995
v 0.095910 0.168180 0.152443
v 0.088610 0.158425 0.165086
v 0.094914 0.241575 0.171390
v 0.107557 0.231820 0.164090
v 0.116005 0.217221 0.159213
v 0.118971 0.200000 0.157500
v 0.116005 0.182779 0.159213
v 0.107557 0.168180 0.164090
v 0.094914 0.158425 0.171390
v 0.097221 0.241575 0.180000
v 0.111820 0.231820 0.180000
v 0.121575 0.217221 0.180000
v 0.125000 0.200000 0.180000
v 0.121575 0.182779 0.180000
v 0.111820 0.168180 0.180000
v 0.097221 0.158425 0.180000
v 0.094914 0.241575 0.188610
v 0.107557 0.231820 0.195910
v 0.116005 0.217221 0.200787
v 0.118971 0.200000 0.202500
v 0.116005 0.182779 0.200787
v 0.107557 0.168180 0.195910
v 0.094914 0.158425 0.188610
v 0.088610 0.241575 0.194914
v 0.095910 0.231820 0.207557
v 0.100787 0.217221 0.216005
v 0.102500 0.200000 0.218971
v 0.100787 0.182779 0.216005
v 0.095910 0.168180 0.207557
v 0.088610 0.158425 0.194914
v 0.080000 0.241575 0.197221
v 0.080000 0.231820 0.211820
v 0.080000 0.217221 0.221575
v 0.080000 0.200000 0.225000
v 0.080000 0.182779 0.221575
v 0.080000 0.168180 0.211820
v 0.080000 0.158425 0.197221
v 0.071390 0.241575 0.194914
v 0.064090 0.231820 0.207557
v 0.059213 0.217221 0.216005
v 0.057500 0.200000 0.218971
v 0.059213 0.182779 0.216005
v 0.064090 0.168180 0.207557
v 0.071390 0.158425 0.194914
v 0.065086 0.241575 0.188610
v 0.052443 0.231820 0.195910
v 0.043995 0.217221 0.200787
v 0.041029 0.200000 0.202500
v 0.043995 0.182779 0.200787
v 0.052443 0.168180 0.195910
v 0.065086 0.158425 0.188610
v 0.062779 0.241575 0.180000
v 0.048180 0.231820 0.180000
v 0.038425 0.217221 0.180000
v 0.035000 0.200000 0.180000
v 0.038425 0.182779 0.180000
v 0.048180 0.168180 0.180000
v 0.062779 0.158425 0.180000
v 0.065086 0.241575 0.171390
v 0.052443 0.231820 0.164090
v 0.043995 0.217221 0.159213
v 0.041029 0.200000 0.157500
v 0.043995 0.182779 0.159213
v 0.052443 0.168180 0.164090
v 0.065086 0.158425 0.171390
v 0.071390 0.241575 0.165086
v 0.064090 0.231820 0.152443
v 0.059213 0.217221 0.143995
v 0.057500 0.200000 0.141029
v 0.059213 0.182779 0.143995
v 0.064090 0.168180 0.152443
v 0.071390 0.158425 0.165086
v 0.080000 0.241575 0.162779
v 0.080000 0.217221 0.138425
v 0.080000 0.158425 0.162779
v -0.130000 -0.326000 0.030000
v -0.130000 -0.341816 -0.059095
v -0.130000 -0.380000 -0.096000
v -0.130000 -0.400665 -0.086409
v -0.130000 -0.418184 -0.059095
v -0.130000 -0.434000 0.030000
v -0.112779 -0.330110 -0.011758
v -0.098180 -0.341816 -0.047159
v -0.088425 -0.359335 -0.070813
v -0.085000 -0.380000 -0.079119
v -0.088425 -0.400665 -0.070813
v -0.098180 -0.418184 -0.047159
v -0.112779 -0.429890 -0.011758
v -0.100173 -0.330110 0.005891
v -0.074886 -0.341816 -0.014548
v -0.057991 -0.359335 -0.028204
v -0.052058 -0.380000 -0.033000
v -0.057991 -0.400665 -0.028204
v -0.074886 -0.418184 -0.014548
v -0.100173 -0.429890 0.005891
v -0.095558 -0.330110 0.030000
v -0.066360 -0.341816 0.030000
v -0.046851 -0.359335 0.030000
v -0.040000 -0.380000 0.030000
v -0.046851 -0.400665 0.030000
v -0.066360 -0.418184 0.030000
v -0.095558 -0.429890 0.030000
v -0.100173 -0.330110 0.054109
v -0.074886 -0.341816 0.074548
v -0.057991 -0.359335 0.088204
v -0.052058 -0.380000 0.093000
v -0.057991 -0.400665 0.088204
v -0.074886 -0.418184 0.074548
v -0.100173 -0.429890 0.054109
v -0.112779 -0.330110 0.071758
v -0.098180 -0.341816 0.107159
v -0.088425 -0.359335 0.130813
v -0.085000 -0.380000 0.139119
v -0.088425 -0.400665 0.130813
v -0.098180 -0.418184 0.107159
v -0.112779 -0.429890 0.071758
v -0.130000 -0.330110 0.078218
v -0.130000 -0.341816 0.119095
v -0.130000 -0.359335 0.146409
v -0.130000 -0.380000 0.156000
v -0.130000 -0.400665 0.146409
v -0.130000 -0.418184 0.119095
v -0.130000 -0.429890 0.078218
v -0.147221 -0.330110 0.071758
v -0.161820 -0.341816 0.107159
v -0.171575 -0.359335 0.130813
v -0.175000 -0.380000 0.139119
v -0.171575 -0.400665 0.130813
v -0.161820 -0.418184 0.107159
v -0.147221 -0.429890 0.071758
v -0.159827 -0.330110 0.054109
v -0.185113 -0.341816 0.074548
v -0.202009 -0.359335 0.088204
v -0.207942 -0.380000 0.093000
v -0.202009 -0.400665 0.088204
v -0.185113 -0.418184 0.074548
v -0.159827 -0.429890 0.054109
v -0.164441 -0.330110 0.030000
v -0.193640 -0.341816 0.030000
v -0.213149 -0.359335 0.030000
v -0.220000 -0.380000 0.030000
v -0.213149 -0.400665 0.030000
v -0.193640 -0.418184 0.030000
v -0.164441 -0.429890 0.030000
v -0.159827 -0.330110 0.005891
v -0.185113 -0.341816 -0.014548
v -0.202009 -0.359335 -0.028204
v -0.207942 -0.380000 -0.033000
v -0.202009 -0.400665 -0.028204
v -0.185113 -0.418184 -0.014548
v -0.159827 -0.429890 0.005891
v -0.147221 -0.330110 -0.011758
v -0.161820 -0.341816 -0.047159
v -0.171575 -0.359335 -0.070813
v -0.175000 -0.380000 -0.079119
v -0.171575 -0.400665 -0.070813
v -0.161820 -0.418184 -0.047159
v -0.147221 -0.429890 -0.011758
v -0.130000 -0.330110 -0.018218
v -0.130000 -0.359335 -0.086409
v -0.130000 -0.429890 -0.018218
v 0.130000 -0.326000 0.030000
v 0.130000 -0.341816 -0.059095
v 0.130000 -0.380000 -0.096000
v 0.130000 -0.400665 -0.086409
v 0.130000 -0.418184 -0.059095
v 0.130000 -0.434000 0.030000
v 0.147221 -0.330110 -0.011758
v 0.161820 -0.341816 -0.047159
v 0.171575 -0.359335 -0.070813
v 0.175000 -0.380000 -0.079119
v 0.171575 -0.400665 -0.070813
v 0.161820 -0.418184 -0.047159
v 0.147221 -0.429890 -0.011758
v 0.159827 -0.330110 0.005891
v 0.185113 -0.341816 -0.014548
v 0.202009 -0.359335 -0.028204
v 0.207942 -0.380000 -0.033000
v 0.202009 -0.400665 -0.028204
v 0.185113 -0.418184 -0.014548
v 0.159827 -0.429890 0.005891
v 0.164441 -0.330110 0.030000
v 0.193640 -0.341816 0.030000
v 0.213149 -0.359335 0.030000
v 0.220000 -0.380000 0.030000
v 0.213149 -0.400665 0.030000
v 0.193640 -0.418184 0.030000
v 0.164441 -0.429890 0.030000
v 0.159827 -0.330110 0.054109
v 0.185113 -0.341816 0.074548
v 0.202009 -0.359335 0.088204
v 0.207942 -0.380000 0.093000
v 0.202009 -0.400665 0.088204
v 0.185113 -0.418184 0.074548
v 0.159827 -0.429890 0.054109
v 0.147221 -0.330110 0.071758
v 0.161820 -0.341816 0.107159
v 0.171575 -0.359335 0.130813
v 0.175000 -0.380000 0.139119
v 0.171575 -0.400665 0.130813
v 0.161820 -0.418184 0.107159
v 0.147221 -0.429890 0.071758
v 0.130000 -0.330110 0.078218
v 0.130000 -0.341816 0.119095
v 0.130000 -0.359335 0.146409
v 0.130000 -0.380000 0.156000
v 0.130000 -0.400665 0.146409
v 0.130000 -0.418184 0.119095
v 0.130000 -0.429890 0.078218
v 0.112779 -0.330110 0.071758
v 0.098180 -0.341816 0.107159
v 0.088425 -0.359335 0.130813
v 0.085000 -0.380000 0.139119
v 0.088425 -0.400665 0.130813
v 0.098180 -0.418184 0.107159
v 0.112779 -0.429890 0.071758
v 0.100173 -0.330110 0.054109
v 0.074886 -0.341816 0.074548
v 0.057991 -0.359335 0.088204
v 0.052058 -0.380000 0.093000
v 0.057991 -0.400665 0.088204
v 0.074886 -0.418184 0.074548
v 0.100173 -0.429890 0.054109
v 0.095558 -0.330110 0.030000
v 0.066360 -0.341816 0.030000
v 0.046851 -0.359335 0.030000
v 0.040000 -0.380000 0.030000
v 0.046851 -0.400665 0.030000
v 0.066360 -0.418184 0.030000
v 0.095558 -0.429890 0.030000
v 0.100173 -0.330110 0.005891
v 0.074886 -0.341816 -0.014548
v 0.057991 -0.359335 -0.028204
v 0.052058 -0.380000 -0.033000
v 0.057991 -0.400665 -0.028204
v 0.074886 -0.418184 -0.014548
v 0.100173 -0.429890 0.005891
v 0.112779 -0.330110 -0.011758
v 0.098180 -0.341816 -0.047159
v 0.088425 -0.359335 -0.070813
v 0.085000 -0.380000 -0.079119
v 0.088425 -0.400665 -0.070813
v 0.098180 -0.418184 -0.047159
v 0.112779 -0.429890 -0.011758
v 0.130000 -0.330110 -0.018218
v 0.130000 -0.359335 -0.086409
v 0.130000 -0.429890 -0.018218
vn -0.0000 1.0000 -0.0000
vn -0.0000 0.7271 -0.6865
vn -0.0000 0.5598 -0.8286
vn -0.0000 0.3782 -0.9257
vn -0.0000 0.1903 -0.9817
vn -0.0000 -0.1903 -0.9817
vn -0.0000 -0.5598 -0.8286
vn -0.0000 -1.0000 -0.0000
vn 0.0623 0.9640 -0.2583
vn 0.1161 0.8687 -0.4815
vn 0.1604 0.7293 -0.6652
vn 0.1939 0.5622 -0.8039
vn 0.2168 0.3803 -0.8991
vn 0.2301 0.1914 -0.9542
vn 0.2344 -0.0000 -0.9721
vn 0.2301 -0.1914 -0.9542
vn 0.2168 -0.3803 -0.8991
vn 0.1939 -0.5622 -0.8039
vn 0.1604 -0.7293 -0.6652
vn 0.1161 -0.8687 -0.4815
vn 0.0623 -0.9640 -0.2583
vn 0.1205 0.9652 -0.2319
vn 0.2253 0.8725 -0.4336
vn 0.3125 0.7354 -0.6013
vn 0.3791 0.5691 -0.7296
vn 0.4253 0.3862 -0.8185
vn 0.4523 0.1948 -0.8704
vn 0.4611 -0.0000 -0.8874
vn 0.4523 -0.1948 -0.8704
vn 0.4253 -0.3862 -0.8185
vn 0.3791 -0.5691 -0.7296
vn 0.3125 -0.7354 -0.6013
vn 0.2253 -0.8725 -0.4336
vn 0.1205 -0.9652 -0.2319
vn 0.1707 0.9669 -0.1897
vn 0.3206 0.8777 -0.3562
vn 0.4470 0.7439 -0.4967
vn 0.5454 0.5790 -0.6060
vn 0.6147 0.3946 -0.6830
vn 0.6555 0.1996 -0.7283
vn 0.6690 -0.0000 -0.7433
vn 0.6555 -0.1996 -0.7283
vn 0.6147 -0.3946 -0.6830
vn 0.5454 -0.5790 -0.6060
vn 0.4470 -0.7439 -0.4967
vn 0.3206 -0.8777 -0.3562
vn 0.1707 -0.9669 -0.1897
vn 0.2094 0.9685 -0.1344
vn 0.3950 0.8831 -0.2534
vn 0.5540 0.7528 -0.3554
vn 0.6800 0.5894 -0.4362
vn 0.7701 0.4037 -0.4940
vn 0.8238 0.2048 -0.5285
vn 0.8417 -0.0000 -0.5399
vn 0.8238 -0.2048 -0.5285
vn 0.7701 -0.4037 -0.4940
vn 0.6800 -0.5894 -0.4362
vn 0.5540 -0.7528 -0.3554
vn 0.3950 -0.8831 -0.2534
vn 0.2094 -0.9685 -0.1344
vn 0.2339 0.9698 -0.0696
vn 0.4425 0.8870 -0.1318
vn 0.6235 0.7595 -0.1856
vn 0.7687 0.5973 -0.2288
vn 0.8739 0.4107 -0.2602
vn 0.9373 0.2089 -0.2790
vn 0.9584 -0.0000 -0.2853
vn 0.9373 -0.2089 -0.2790
vn 0.8739 -0.4107 -0.2602
vn 0.7687 -0.5973 -0.2288
vn 0.6235 -0.7595 -0.1856
vn 0.4425 -0.8870 -0.1318
vn 0.2339 -0.9698 -0.0696
vn 0.2423 0.9702 -0.0000
vn 0.4589 0.8885 -0.0000
vn 0.6476 0.7620 -0.0000
vn 0.7998 0.6003 -0.0000
vn 0.9106 0.4134 -0.0000
vn 0.9776 0.2105 -0.0000
vn 1.0000 -0.0000 -0.0000
vn 0.9776 -0.2105 -0.0000
vn 0.9106 -0.4134 -0.0000
vn 0.7998 -0.6003 -0.0000
vn 0.6476 -0.7620 -0.0000
vn 0.4589 -0.8885 -0.0000
vn 0.2423 -0.9702 -0.0000
vn 0.2339 0.9698 0.0696
vn 0.4425 0.8870 0.1318
vn 0.6235 0.7595 0.1856
vn 0.7687 0.5973 0.2288
vn 0.8739 0.4107 0.2602
vn 0.9373 0.2089 0.2790
vn 0.9584 -0.0000 0.2853
vn 0.9373 -0.2089 0.2790
vn 0.8739 -0.4107 0.2602
vn 0.7687 -0.5973 0.2288
vn 0.6235 -0.7595 0.1856
vn 0.4425 -0.8870 0.1318
vn 0.2339 -0.9698 0.0696
vn 0.2094 0.9685 0.1344
vn 0.3950 0.8831 0.2534
vn 0.5540 0.7528 0.3554
vn 0.6800 0.5894 0.4362
vn 0.7701 0.4037 0.4940
vn 0.8238 0.2048 0.5285
vn 0.8417 -0.0000 0.5399
vn 0.8238 -0.2048 0.5285
vn 0.7701 -0.4037 0.4940
vn 0.6800 -0.5894 0.4362
vn 0.5540 -0.7528 0.3554
vn 0.3950 -0.8831 0.2534
vn 0.2094 -0.9685 0.1344
vn 0.1707 0.9669 0.1897
vn 0.3206 0.8777 0.3562
vn 0.4470 0.7439 0.4967
vn 0.5454 0.5790 0.6060
vn 0.6147 0.3946 0.6830
vn 0.6555 0.1996 0.7283
vn 0.6690 -0.0000 0.7433
vn 0.6555 -0.1996 0.7283
vn 0.6147 -0.3946 0.6830
vn 0.5454 -0.5790 0.6060
vn 0.4470 -0.7439 0.4967
vn 0.3206 -0.8777 0.3562
vn 0.1707 -0.9669 0.1897
vn 0.1205 0.9652 0.2319
vn 0.2253 0.8725 0.4336
vn 0.3125 0.7354 0.6013
vn 0.3791 0.5691 0.7296
vn 0.4253 0.3862 0.8185
vn 0.4523 0.1948 0.8704
vn 0.4611 -0.0000 0.8874
vn 0.4523 -0.1948 0.8704
vn 0.4253 -0.3862 0.8185
vn 0.3791 -0.5691 0.7296
vn 0.3125 -0.7354 0.6013
vn 0.2253 -0.8725 0.4336
vn 0.1205 -0.9652 0.2319
vn 0.0623 0.9640 0.2583
vn 0.1161 0.8687 0.4815
vn 0.1604 0.7293 0.6652
vn 0.1939 0.5622 0.8039
vn 0.2168 0.3803 0.8991
vn 0.2301 0.1914 0.9542
vn 0.2344 -0.0000 0.9721
vn 0.2301 -0.1914 0.9542
vn 0.2168 -0.3803 0.8991
vn 0.1939 -0.5622 0.8039
vn 0.1604 -0.7293 0.6652
vn 0.1161 -0.8687 0.4815
vn 0.0623 -0.9640 0.2583
vn -0.0000 0.9636 0.2673
vn -0.0000 0.8673 0.4977
vn -0.0000 0.7271 0.6865
vn -0.0000 0.5598 0.8286
vn -0.0000 0.3782 0.9257
vn -0.0000 0.1903 0.9817
vn -0.0000 -0.0000 1.0000
vn -0.0000 -0.1903 0.9817
vn -0.0000 -0.3782 0.9257
vn -0.0000 -0.5598 0.8286
vn -0.0000 -0.7271 0.6865
vn -0.0000 -0.8673 0.4977
vn -0.0000 -0.9636 0.2673
vn -0.0623 0.9640 0.2583
vn -0.1161 0.8687 0.4815
vn -0.1604 0.7293 0.6652
vn -0.1939 0.5622 0.8039
vn -0.2168 0.3803 0.8991
vn -0.2301 0.1914 0.9542
vn -0.2344 -0.0000 0.9721
vn -0.2301 -0.1914 0.9542
vn -0.2168 -0.3803 0.8991
vn -0.1939 -0.5622 0.8039
vn -0.1604 -0.7293 0.6652
vn -0.1161 -0.8687 0.4815
vn -0.0623 -0.9640 0.2583
vn -0.1205 0.9652 0.2319
vn -0.2253 0.8725 0.4336
vn -0.3125 0.7354 0.6013
vn -0.3791 0.5691 0.7296
vn -0.4253 0.3862 0.8185
vn -0.4523 0.1948 0.8704
vn -0.4611 -0.0000 0.8874
vn -0.4523 -0.1948 0.8704
vn -0.4253 -0.3862 0.8185
vn -0.3791 -0.5691 0.7296
vn -0.3125 -0.7354 0.6013
vn -0.2253 -0.8725 0.4336
vn -0.1205 -0.9652 0.2319
vn -0.1707 0.9669 0.1897
vn -0.3206 0.8777 0.3562
vn -0.4470 0.7439 0.4967
vn -0.5454 0.5790 0.6060
vn -0.6147 0.3946 0.6830
vn -0.6555 0.1996 0.7283
vn -0.6690 -0.0000 0.7433
vn -0.6555 -0.1996 0.7283
vn -0.6147 -0.3946 0.6830
vn -0.5454 -0.5790 0.6060
vn -0.4470 -0.7439 0.4967
vn -0.3206 -0.8777 0.3562
vn -0.1707 -0.9669 0.1897
vn -0.2094 0.9685 0.1344
vn -0.3950 0.8831 0.2534
vn -0.5540 0.7528 0.3554
vn -0.6800 0.5894 0.4362
vn -0.7701 0.4037 0.4940
vn -0.8238 0.2048 0.5285
vn -0.8417 -0.0000 0.5399
vn -0.8238 -0.2048 0.5285
vn -0.7701 -0.4037 0.4940
vn -0.6800 -0.5894 0.4362
vn -0.5540 -0.7528 0.3554
vn -0.3950 -0.8831 0.2534
vn -0.2094 -0.9685 0.1344
vn -0.2339 0.9698 0.0696
vn -0.4425 0.8870 0.1318
vn -0.6235 0.7595 0.1856
vn -0.7687 0.5973 0.2288
vn -0.8739 0.4107 0.2602
vn -0.9373 0.2089 0.2790
vn -0.9584 -0.0000 0.2853
vn -0.9373 -0.2089 0.2790
vn -0.8739 -0.4107 0.2602
vn -0.7687 -0.5973 0.2288
vn -0.6235 -0.7595 0.1856
vn -0.4425 -0.8870 0.1318
vn -0.2339 -0.9698 0.0696
vn -0.2423 0.9702 -0.0000
vn -0.4589 0.8885 -0.0000
vn -0.6476 0.7620 -0.0000
vn -0.7998 0.6003 -0.0000
vn -0.9106 0.4134 -0.0000
vn -0.9776 0.2105 -0.0000
vn -1.0000 -0.0000 -0.0000
vn -0.9776 -0.2105 -0.0000
vn -0.9106 -0.4134 -0.0000
vn -0.7998 -0.6003 -0.0000
vn -0.6476 -0.7620 -0.0000
vn -0.4589 -0.8885 -0.0000
vn -0.2423 -0.9702 -0.0000
vn -0.2339 0.9698 -0.0696
vn -0.4425 0.8870 -0.1318
vn -0.6235 0.7595 -0.1856
vn -0.7687 0.5973 -0.2288
vn -0.8739 0.4107 -0.2602
vn -0.9373 0.2089 -0.2790
vn -0.9584 -0.0000 -0.2853
vn -0.9373 -0.2089 -0.2790
vn -0.8739 -0.4107 -0.2602
vn -0.7687 -0.5973 -0.2288
vn -0.6235 -0.7595 -0.1856
vn -0.4425 -0.8870 -0.1318
vn -0.2339 -0.9698 -0.0696
vn -0.2094 0.9685 -0.1344
vn -0.3950 0.8831 -0.2534
vn -0.5540 0.7528 -0.3554
vn -0.6800 0.5894 -0.4362
vn -0.7701 0.4037 -0.4940
vn -0.8238 0.2048 -0.5285
vn -0.8417 -0.0000 -0.5399
vn -0.8238 -0.2048 -0.5285
vn -0.7701 -0.4037 -0.4940
vn -0.6800 -0.5894 -0.4362
vn -0.5540 -0.7528 -0.3554
vn -0.3950 -0.8831 -0.2534
vn -0.2094 -0.9685 -0.1344
vn -0.1707 0.9669 -0.1897
vn -0.3206 0.8777 -0.3562
vn -0.4470 0.7439 -0.4967
vn -0.5454 0.5790 -0.6060
vn -0.6147 0.3946 -0.6830
vn -0.6555 0.1996 -0.7283
vn -0.6690 -0.0000 -0.7433
vn -0.6555 -0.1996 -0.7283
vn -0.6147 -0.3946 -0.6830
vn -0.5454 -0.5790 -0.6060
vn -0.4470 -0.7439 -0.4967
vn -0.3206 -0.8777 -0.3562
vn -0.1707 -0.9669 -0.1897
vn -0.1205 0.9652 -0.2319
vn -0.2253 0.8725 -0.4336
vn -0.3125 0.7354 -0.6013
vn -0.3791 0.5691 -0.7296
vn -0.4253 0.3862 -0.8185
vn -0.4523 0.1948 -0.8704
vn -0.4611 -0.0000 -0.8874
vn -0.4523 -0.1948 -0.8704
vn -0.4253 -0.3862 -0.8185
vn -0.3791 -0.5691 -0.7296
vn -0.3125 -0.7354 -0.6013
vn -0.2253 -0.8725 -0.4336
vn -0.1205 -0.9652 -0.2319
vn -0.0623 0.9640 -0.2583
vn -0.1161 0.8687 -0.4815
vn -0.1604 0.7293 -0.6652
vn -0.1939 0.5622 -0.8039
vn -0.2168 0.3803 -0.8991
vn -0.2301 0.1914 -0.9542
vn -0.2344 -0.0000 -0.9721
vn -0.2301 -0.1914 -0.9542
vn -0.2168 -0.3803 -0.8991
vn -0.1939 -0.5622 -0.8039
vn -0.1604 -0.7293 -0.6652
vn -0.1161 -0.8687 -0.4815
vn -0.0623 -0.9640 -0.2583
vn -0.0000 0.9636 -0.2673
vn -0.0000 0.8673 -0.4977
vn -0.0000 -0.0000 -1.0000
vn -0.0000 -0.3782 -0.9257
vn -0.0000 -0.7271 -0.6865
vn -0.0000 -0.8673 -0.4977
vn -0.0000 -0.9636 -0.2673
vn -0.0000 0.8962 -0.4437
vn -0.0000 0.6165 -0.7873
vn -0.0000 -0.6165 -0.7873
vn -0.0000 -0.8962 -0.4437
vn 0.0607 0.9725 -0.2249
vn 0.1150 0.8963 -0.4283
vn 0.1633 0.7755 -0.6098
vn 0.2033 0.6167 -0.7605
vn 0.2330 0.4281 -0.8732
vn 0.2512 0.2192 -0.9428
vn 0.2573 -0.0000 -0.9663
vn 0.2512 -0.2192 -0.9428
vn 0.2330 -0.4281 -0.8732
vn 0.2033 -0.6167 -0.7605
vn 0.1633 -0.7755 -0.6098
vn 0.1150 -0.8963 -0.4283
vn 0.0607 -0.9725 -0.2249
vn 0.1169 0.9726 -0.2009
vn 0.2219 0.8965 -0.3834
vn 0.3153 0.7759 -0.5463
vn 0.3927 0.6172 -0.6818
vn 0.4503 0.4286 -0.7833
vn 0.4858 0.2195 -0.8461
vn 0.4978 -0.0000 -0.8673
vn 0.4858 -0.2195 -0.8461
vn 0.4503 -0.4286 -0.7833
vn 0.3927 -0.6172 -0.6818
vn 0.3153 -0.7759 -0.5463
vn 0.2219 -0.8965 -0.3834
vn 0.1169 -0.9726 -0.2009
vn 0.1645 0.9728 -0.1633
vn 0.3131 0.8969 -0.3124
vn 0.4455 0.7764 -0.4457
vn 0.5553 0.6178 -0.5567
vn 0.6374 0.4291 -0.6400
vn 0.6880 0.2198 -0.6916
vn 0.7051 -0.0000 -0.7091
vn 0.6880 -0.2198 -0.6916
vn 0.6374 -0.4291 -0.6400
vn 0.5553 -0.6178 -0.5567
vn 0.4455 -0.7764 -0.4457
vn 0.3131 -0.8969 -0.3124
vn 0.1645 -0.9728 -0.1633
vn 0.2007 0.9729 -0.1150
vn 0.3827 0.8972 -0.2205
vn 0.5452 0.7769 -0.3149
vn 0.6802 0.6184 -0.3937
vn 0.7812 0.4296 -0.4529
vn 0.8437 0.2201 -0.4896
vn 0.8648 -0.0000 -0.5020
vn 0.8437 -0.2201 -0.4896
vn 0.7812 -0.4296 -0.4529
vn 0.6802 -0.6184 -0.3937
vn 0.5452 -0.7769 -0.3149
vn 0.3827 -0.8972 -0.2205
vn 0.2007 -0.9729 -0.1150
vn 0.2231 0.9730 -0.0593
vn 0.4263 0.8974 -0.1140
vn 0.6078 0.7772 -0.1629
vn 0.7587 0.6187 -0.2038
vn 0.8719 0.4300 -0.2345
vn 0.9419 0.2203 -0.2536
vn 0.9656 -0.0000 -0.2601
vn 0.9419 -0.2203 -0.2536
vn 0.8719 -0.4300 -0.2345
vn 0.7587 -0.6187 -0.2038
vn 0.6078 -0.7772 -0.1629
vn 0.4263 -0.8974 -0.1140
vn 0.2231 -0.9730 -0.0593
vn 0.2307 0.9730 -0.0000
vn 0.4411 0.8974 -0.0000
vn 0.6291 0.7773 -0.0000
vn 0.7855 0.6188 -0.0000
vn 0.9028 0.4301 -0.0000
vn 0.9754 0.2204 -0.0000
vn 0.9754 -0.2204 -0.0000
vn 0.9028 -0.4301 -0.0000
vn 0.7855 -0.6188 -0.0000
vn 0.6291 -0.7773 -0.0000
vn 0.4411 -0.8974 -0.0000
vn 0.2307 -0.9730 -0.0000
vn 0.2231 0.9730 0.0593
vn 0.4263 0.8974 0.1140
vn 0.6078 0.7772 0.1629
vn 0.7587 0.6187 0.2038
vn 0.8719 0.4300 0.2345
vn 0.9419 0.2203 0.2536
vn 0.9656 -0.0000 0.2601
vn 0.9419 -0.2203 0.2536
vn 0.8719 -0.4300 0.2345
vn 0.7587 -0.6187 0.2038
vn 0.6078 -0.7772 0.1629
vn 0.4263 -0.8974 0.1140
vn 0.2231 -0.9730 0.0593
vn 0.2007 0.9729 0.1150
vn 0.3827 0.8972 0.2205
vn 0.5452 0.7769 0.3149
vn 0.6802 0.6184 0.3937
vn 0.7812 0.4296 0.4529
vn 0.8437 0.2201 0.4896
vn 0.8648 -0.0000 0.5020
vn 0.8437 -0.2201 0.4896
vn 0.7812 -0.4296 0.4529
vn 0.6802 -0.6184 0.3937
vn 0.5452 -0.7769 0.3149
vn 0.3827 -0.8972 0.2205
vn 0.2007 -0.9729 0.1150
vn 0.1645 0.9728 0.1633
vn 0.3131 0.8969 0.3124
vn 0.4455 0.7764 0.4457
vn 0.5553 0.6178 0.5567
vn 0.6374 0.4291 0.6400
vn 0.6880 0.2198 0.6916
vn 0.7051 -0.0000 0.7091
vn 0.6880 -0.2198 0.6916
vn 0.6374 -0.4291 0.6400
vn 0.5553 -0.6178 0.5567
vn 0.4455 -0.7764 0.4457
vn 0.3131 -0.8969 0.3124
vn 0.1645 -0.9728 0.1633
vn 0.1169 0.9726 0.2009
vn 0.2219 0.8965 0.3834
vn 0.3153 0.7759 0.5463
vn 0.3927 0.6172 0.6818
vn 0.4503 0.4286 0.7833
vn 0.4858 0.2195 0.8461
vn 0.4978 -0.0000 0.8673
vn 0.4858 -0.2195 0.8461
vn 0.4503 -0.4286 0.7833
vn 0.3927 -0.6172 0.6818
vn 0.3153 -0.7759 0.5463
vn 0.2219 -0.8965 0.3834
vn 0.1169 -0.9726 0.2009
vn 0.0607 0.9725 0.2249
vn 0.1150 0.8963 0.4283
vn 0.1633 0.7755 0.6098
vn 0.2033 0.6167 0.7605
vn 0.2330 0.4281 0.8732
vn 0.2512 0.2192 0.9428
vn 0.2573 -0.0000 0.9663
vn 0.2512 -0.2192 0.9428
vn 0.2330 -0.4281 0.8732
vn 0.2033 -0.6167 0.7605
vn 0.1633 -0.7755 0.6098
vn 0.1150 -0.8963 0.4283
vn 0.0607 -0.9725 0.2249
vn -0.0000 0.9725 0.2331
vn -0.0000 0.8962 0.4437
vn -0.0000 0.7754 0.6315
vn -0.0000 0.6165 0.7873
vn -0.0000 0.4279 0.9038
vn -0.0000 0.2191 0.9757
vn -0.0000 -0.2191 0.9757
vn -0.0000 -0.4279 0.9038
vn -0.0000 -0.6165 0.7873
vn -0.0000 -0.7754 0.6315
vn -0.0000 -0.8962 0.4437
vn -0.0000 -0.9725 0.2331
vn -0.0607 0.9725 0.2249
vn -0.1150 0.8963 0.4283
vn -0.1633 0.7755 0.6098
vn -0.2033 0.6167 0.7605
vn -0.2330 0.4281 0.8732
vn -0.2512 0.2192 0.9428
vn -0.2573 -0.0000 0.9663
vn -0.2512 -0.2192 0.9428
vn -0.2330 -0.4281 0.8732
vn -0.2033 -0.6167 0.7605
vn -0.1633 -0.7755 0.6098
vn -0.1150 -0.8963 0.4283
vn -0.0607 -0.9725 0.2249
vn -0.1169 0.9726 0.2009
vn -0.2219 0.8965 0.3834
vn -0.3153 0.7759 0.5463
vn -0.3927 0.6172 0.6818
vn -0.4503 0.4286 0.7833
vn -0.4858 0.2195 0.8461
vn -0.4978 -0.0000 0.8673
vn -0.4858 -0.2195 0.8461
vn -0.4503 -0.4286 0.7833
vn -0.3927 -0.6172 0.6818
vn -0.3153 -0.7759 0.5463
vn -0.2219 -0.8965 0.3834
vn -0.1169 -0.9726 0.2009
vn -0.1645 0.9728 0.1633
vn -0.3131 0.8969 0.3124
vn -0.4455 0.7764 0.4457
vn -0.5553 0.6178 0.5567
vn -0.6374 0.4291 0.6400
vn -0.6880 0.2198 0.6916
vn -0.7051 -0.0000 0.7091
vn -0.6880 -0.2198 0.6916
vn -0.6374 -0.4291 0.6400
vn -0.5553 -0.6178 0.5567
vn -0.4455 -0.7764 0.4457
vn -0.3131 -0.8969 0.3124
vn -0.1645 -0.9728 0.1633
vn -0.2007 0.9729 0.1150
vn -0.3827 0.8972 0.2205
vn -0.5452 0.7769 0.3149
vn -0.6802 0.6184 0.3937
vn -0.7812 0.4296 0.4529
vn -0.8437 0.2201 0.4896
vn -0.8648 -0.0000 0.5020
vn -0.8437 -0.2201 0.4896
vn -0.7812 -0.4296 0.4529
vn -0.6802 -0.6184 0.3937
vn -0.5452 -0.7769 0.3149
vn -0.3827 -0.8972 0.2205
vn -0.2007 -0.9729 0.1150
vn -0.2231 0.9730 0.0593
vn -0.4263 0.8974 0.1140
vn -0.6078 0.7772 0.1629
vn -0.7587 0.6187 0.2038
vn -0.8719 0.4300 0.2345
vn -0.9419 0.2203 0.2536
vn -0.9656 -0.0000 0.2601
vn -0.9419 -0.2203 0.2536
vn -0.8719 -0.4300 0.2345
vn -0.7587 -0.6187 0.2038
vn -0.6078 -0.7772 0.1629
vn -0.4263 -0.8974 0.1140
vn -0.2231 -0.9730 0.0593
vn -0.2307 0.9730 -0.0000
vn -0.4411 0.8974 -0.0000
vn -0.6291 0.7773 -0.0000
vn -0.7855 0.6188 -0.0000
vn -0.9028 0.4301 -0.0000
vn -0.9754 0.2204 -0.0000
vn -0.9754 -0.2204 -0.0000
vn -0.9028 -0.4301 -0.0000
vn -0.7855 -0.6188 -0.0000
vn -0.6291 -0.7773 -0.0000
vn -0.4411 -0.8974 -0.0000
vn -0.2307 -0.9730 -0.0000
vn -0.2231 0.9730 -0.0593
vn -0.4263 0.8974 -0.1140
vn -0.6078 0.7772 -0.1629
vn -0.7587 0.6187 -0.2038
vn -0.8719 0.4300 -0.2345
vn -0.9419 0.2203 -0.2536
vn -0.9656 -0.0000 -0.2601
vn -0.9419 -0.2203 -0.2536
vn -0.8719 -0.4300 -0.2345
vn -0.7587 -0.6187 -0.2038
vn -0.6078 -0.7772 -0.1629
vn -0.4263 -0.8974 -0.1140
vn -0.2231 -0.9730 -0.0593
vn -0.2007 0.9729 -0.1150
vn -0.3827 0.8972 -0.2205
vn -0.5452 0.7769 -0.3149
vn -0.6802 0.6184 -0.3937
vn -0.7812 0.4296 -0.4529
vn -0.8437 0.2201 -0.4896
vn -0.8648 -0.0000 -0.5020
vn -0.8437 -0.2201 -0.4896
vn -0.7812 -0.4296 -0.4529
vn -0.6802 -0.6184 -0.3937
vn -0.5452 -0.7769 -0.3149
vn -0.3827 -0.8972 -0.2205
vn -0.2007 -0.9729 -0.1150
vn -0.1645 0.9728 -0.1633
vn -0.3131 0.8969 -0.3124
vn -0.4455 0.7764 -0.4457
vn -0.5553 0.6178 -0.5567
vn -0.6374 0.4291 -0.6400
vn -0.6880 0.2198 -0.6916
vn -0.7051 -0.0000 -0.7091
vn -0.6880 -0.2198 -0.6916
vn -0.6374 -0.4291 -0.6400
vn -0.5553 -0.6178 -0.5567
vn -0.4455 -0.7764 -0.4457
vn -0.3131 -0.8969 -0.3124
vn -0.1645 -0.9728 -0.1633
vn -0.1169 0.9726 -0.2009
vn -0.2219 0.8965 -0.3834
vn -0.3153 0.7759 -0.5463
vn -0.3927 0.6172 -0.6818
vn -0.4503 0.4286 -0.7833
vn -0.4858 0.2195 -0.8461
vn -0.4978 -0.0000 -0.8673
vn -0.4858 -0.2195 -0.8461
vn -0.4503 -0.4286 -0.7833
vn -0.3927 -0.6172 -0.6818
vn -0.3153 -0.7759 -0.5463
vn -0.2219 -0.8965 -0.3834
vn -0.1169 -0.9726 -0.2009
vn -0.0607 0.9725 -0.2249
vn -0.1150 0.8963 -0.4283
vn -0.1633 0.7755 -0.6098
vn -0.2033 0.6167 -0.7605
vn -0.2330 0.4281 -0.8732
vn -0.2512 0.2192 -0.9428
vn -0.2573 -0.0000 -0.9663
vn -0.2512 -0.2192 -0.9428
vn -0.2330 -0.4281 -0.8732
vn -0.2033 -0.6167 -0.7605
vn -0.1633 -0.7755 -0.6098
vn -0.1150 -0.8963 -0.4283
vn -0.0607 -0.9725 -0.2249
vn -0.0000 0.9725 -0.2331
vn -0.0000 0.7754 -0.6315
vn -0.0000 0.4279 -0.9038
vn -0.0000 0.2191 -0.9757
vn -0.0000 -0.2191 -0.9757
vn -0.0000 -0.4279 -0.9038
vn -0.0000 -0.7754 -0.6315
vn -0.0000 -0.9725 -0.2331
vn -0.0000 -0.6180 -0.7861
vn -0.0000 0.6180 -0.7861
vn 0.2020 -0.6215 -0.7569
vn 0.2020 0.6215 -0.7569
vn 0.3870 -0.6305 -0.6728
vn 0.3870 0.6305 -0.6728
vn 0.5410 -0.6422 -0.5430
vn 0.5410 0.6422 -0.5430
vn 0.6552 -0.6532 -0.3795
vn 0.6552 0.6532 -0.3795
vn 0.7248 -0.6609 -0.1948
vn 0.7248 0.6609 -0.1948
vn 0.7481 -0.6636 -0.0000
vn 0.7481 0.6636 -0.0000
vn 0.7248 -0.6609 0.1948
vn 0.7248 0.6609 0.1948
vn 0.6552 -0.6532 0.3795
vn 0.6552 0.6532 0.3795
vn 0.5410 -0.6422 0.5430
vn 0.5410 0.6422 0.5430
vn 0.3870 -0.6305 0.6728
vn 0.3870 0.6305 0.6728
vn 0.2020 -0.6215 0.7569
vn 0.2020 0.6215 0.7569
vn -0.0000 -0.6180 0.7861
vn -0.0000 0.6180 0.7861
vn -0.2020 -0.6215 0.7569
vn -0.2020 0.6215 0.7569
vn -0.3870 -0.6305 0.6728
vn -0.3870 0.6305 0.6728
vn -0.5410 -0.6422 0.5430
vn -0.5410 0.6422 0.5430
vn -0.6552 -0.6532 0.3795
vn -0.6552 0.6532 0.3795
vn -0.7248 -0.6609 0.1948
vn -0.7248 0.6609 0.1948
vn -0.7481 -0.6636 -0.0000
vn -0.7481 0.6636 -0.0000
vn -0.7248 -0.6609 -0.1948
vn -0.7248 0.6609 -0.1948
vn -0.6552 -0.6532 -0.3795
vn -0.6552 0.6532 -0.3795
vn -0.5410 -0.6422 -0.5430
vn -0.5410 0.6422 -0.5430
vn -0.3870 -0.6305 -0.6728
vn -0.3870 0.6305 -0.6728
vn -0.2020 -0.6215 -0.7569
vn -0.2020 0.6215 -0.7569
vn -0.0000 0.6911 -0.7228
vn -0.0000 0.6911 0.7228
vn 0.2664 0.6409 -0.7199
vn 0.2664 0.6409 0.7199
vn 0.4968 0.4950 -0.7128
vn 0.4968 0.4950 0.7128
vn 0.6552 0.2704 -0.7054
vn 0.6552 0.2704 0.7054
vn 0.7120 -0.0000 -0.7022
vn 0.7120 -0.0000 0.7022
vn 0.6552 -0.2704 -0.7054
vn 0.6552 -0.2704 0.7054
vn 0.4968 -0.4950 -0.7128
vn 0.4968 -0.4950 0.7128
vn 0.2664 -0.6409 -0.7199
vn 0.2664 -0.6409 0.7199
vn -0.0000 -0.6911 -0.7228
vn -0.0000 -0.6911 0.7228
vn -0.2664 -0.6409 -0.7199
vn -0.2664 -0.6409 0.7199
vn -0.4968 -0.4950 -0.7128
vn -0.4968 -0.4950 0.7128
vn -0.6552 -0.2704 -0.7054
vn -0.6552 -0.2704 0.7054
vn -0.7120 -0.0000 -0.7022
vn -0.7120 -0.0000 0.7022
vn -0.6552 0.2704 -0.7054
vn -0.6552 0.2704 0.7054
vn -0.4968 0.4950 -0.7128
vn -0.4968 0.4950 0.7128
vn -0.2664 0.6409 -0.7199
vn -0.2664 0.6409 0.7199
vn -0.0000 0.6843 -0.7292
vn -0.0000 -0.3650 -0.9310
vn -0.0000 -0.6843 -0.7292
vn 0.2085 0.9101 -0.3580
vn 0.3618 0.6862 -0.6310
vn 0.4591 0.3668 -0.8091
vn 0.4919 -0.0000 -0.8706
vn 0.4591 -0.3668 -0.8091
vn 0.3618 -0.6862 -0.6310
vn 0.2085 -0.9101 -0.3580
vn 0.3561 0.9119 -0.2038
vn 0.6261 0.6896 -0.3640
vn 0.8013 0.3698 -0.4703
vn 0.8617 -0.0000 -0.5075
vn 0.8013 -0.3698 -0.4703
vn 0.6261 -0.6896 -0.3640
vn 0.3561 -0.9119 -0.2038
vn 0.4085 0.9127 -0.0000
vn 0.7227 0.6911 -0.0000
vn 0.9286 0.3711 -0.0000
vn 0.9286 -0.3711 -0.0000
vn 0.7227 -0.6911 -0.0000
vn 0.4085 -0.9127 -0.0000
vn 0.3561 0.9119 0.2038
vn 0.6261 0.6896 0.3640
vn 0.8013 0.3698 0.4703
vn 0.8617 -0.0000 0.5075
vn 0.8013 -0.3698 0.4703
vn 0.6261 -0.6896 0.3640
vn 0.3561 -0.9119 0.2038
vn 0.2085 0.9101 0.3580
vn 0.3618 0.6862 0.6310
vn 0.4591 0.3668 0.8091
vn 0.4919 -0.0000 0.8706
vn 0.4591 -0.3668 0.8091
vn 0.3618 -0.6862 0.6310
vn 0.2085 -0.9101 0.3580
vn -0.0000 0.9091 0.4166
vn -0.0000 0.6843 0.7292
vn -0.0000 0.3650 0.9310
vn -0.0000 -0.3650 0.9310
vn -0.0000 -0.6843 0.7292
vn -0.0000 -0.9091 0.4166
vn -0.2085 0.9101 0.3580
vn -0.3618 0.6862 0.6310
vn -0.4591 0.3668 0.8091
vn -0.4919 -0.0000 0.8706
vn -0.4591 -0.3668 0.8091
vn -0.3618 -0.6862 0.6310
vn -0.2085 -0.9101 0.3580
vn -0.3561 0.9119 0.2038
vn -0.6261 0.6896 0.3640
vn -0.8013 0.3698 0.4703
vn -0.8617 -0.0000 0.5075
vn -0.8013 -0.3698 0.4703
vn -0.6261 -0.6896 0.3640
vn -0.3561 -0.9119 0.2038
vn -0.4085 0.9127 -0.0000
vn -0.7227 0.6911 -0.0000
vn -0.9286 0.3711 -0.0000
vn -0.9286 -0.3711 -0.0000
vn -0.7227 -0.6911 -0.0000
vn -0.4085 -0.9127 -0.0000
vn -0.3561 0.9119 -0.2038
vn -0.6261 0.6896 -0.3640
vn -0.8013 0.3698 -0.4703
vn -0.8617 -0.0000 -0.5075
vn -0.8013 -0.3698 -0.4703
vn -0.6261 -0.6896 -0.3640
vn -0.3561 -0.9119 -0.2038
vn -0.2085 0.9101 -0.3580
vn -0.3618 0.6862 -0.6310
vn -0.4591 0.3668 -0.8091
vn -0.4919 -0.0000 -0.8706
vn -0.4591 -0.3668 -0.8091
vn -0.3618 -0.6862 -0.6310
vn -0.2085 -0.9101 -0.3580
vn -0.0000 0.9091 -0.4166
vn -0.0000 0.3650 -0.9310
vn -0.0000 -0.9091 -0.4166
vn -0.0000 0.8960 -0.4440
vn -0.0000 -0.6135 -0.7897
vn -0.0000 -0.8960 -0.4440
vn 0.1443 0.9750 -0.1688
vn 0.2999 0.8808 -0.3665
vn 0.4889 0.5945 -0.6384
vn 0.5819 -0.0000 -0.8133
vn 0.4889 -0.5945 -0.6384
vn 0.2999 -0.8808 -0.3665
vn 0.1443 -0.9750 -0.1688
vn 0.2329 0.9683 -0.0904
vn 0.4835 0.8528 -0.1972
vn 0.7648 0.5530 -0.3306
vn 0.9111 -0.0000 -0.4123
vn 0.7648 -0.5530 -0.3306
vn 0.4835 -0.8528 -0.1972
vn 0.2329 -0.9683 -0.0904
vn 0.2611 0.9653 -0.0000
vn 0.5428 0.8398 -0.0000
vn 0.8464 0.5325 -0.0000
vn 0.8464 -0.5325 -0.0000
vn 0.5428 -0.8398 -0.0000
vn 0.2611 -0.9653 -0.0000
vn 0.2329 0.9683 0.0904
vn 0.4835 0.8528 0.1972
vn 0.7648 0.5530 0.3306
vn 0.9111 -0.0000 0.4123
vn 0.7648 -0.5530 0.3306
vn 0.4835 -0.8528 0.1972
vn 0.2329 -0.9683 0.0904
vn 0.1443 0.9750 0.1688
vn 0.2999 0.8808 0.3665
vn 0.4889 0.5945 0.6384
vn 0.5819 -0.0000 0.8133
vn 0.4889 -0.5945 0.6384
vn 0.2999 -0.8808 0.3665
vn 0.1443 -0.9750 0.1688
vn -0.0000 0.9788 0.2048
vn -0.0000 0.8960 0.4440
vn -0.0000 0.6135 0.7897
vn -0.0000 -0.6135 0.7897
vn -0.0000 -0.8960 0.4440
vn -0.0000 -0.9788 0.2048
vn -0.1443 0.9750 0.1688
vn -0.2999 0.8808 0.3665
vn -0.4889 0.5945 0.6384
vn -0.5819 -0.0000 0.8133
vn -0.4889 -0.5945 0.6384
vn -0.2999 -0.8808 0.3665
vn -0.1443 -0.9750 0.1688
vn -0.2329 0.9683 0.0904
vn -0.4835 0.8528 0.1972
vn -0.7648 0.5530 0.3306
vn -0.9111 -0.0000 0.4123
vn -0.7648 -0.5530 0.3306
vn -0.4835 -0.8528 0.1972
vn -0.2329 -0.9683 0.0904
vn -0.2611 0.9653 -0.0000
vn -0.5428 0.8398 -0.0000
vn -0.8464 0.5325 -0.0000
vn -0.8464 -0.5325 -0.0000
vn -0.5428 -0.8398 -0.0000
vn -0.2611 -0.9653 -0.0000
vn -0.2329 0.9683 -0.0904
vn -0.4835 0.8528 -0.1972
vn -0.7648 0.5530 -0.3306
vn -0.9111 -0.0000 -0.4123
vn -0.7648 -0.5530 -0.3306
vn -0.4835 -0.8528 -0.1972
vn -0.2329 -0.9683 -0.0904
vn -0.1443 0.9750 -0.1688
vn -0.2999 0.8808 -0.3665
vn -0.4889 0.5945 -0.6384
vn -0.5819 -0.0000 -0.8133
vn -0.4889 -0.5945 -0.6384
vn -0.2999 -0.8808 -0.3665
vn -0.1443 -0.9750 -0.1688
vn -0.0000 0.9788 -0.2048
vn -0.0000 0.6135 -0.7897
vn -0.0000 -0.9788 -0.2048
vt 0.750000 0.571429
vt 0.750000 0.642857
vt 0.708333 0.642857
vt 0.708333 0.571429
vt 0.729167 0.000000
vt 0.750000 0.071429
vt 0.708333 0.071429
vt 0.750000 0.500000
vt 0.708333 0.500000
vt 0.750000 0.428571
vt 0.708333 0.428571
vt 0.750000 0.928571
vt 0.729167 1.000000
vt 0.708333 0.928571
vt 0.750000 0.357143
vt 0.708333 0.357143
vt 0.750000 0.857143
vt 0.708333 0.857143
vt 0.750000 0.285714
vt 0.708333 0.285714
vt 0.750000 0.785714
vt 0.708333 0.785714
vt 0.750000 0.214286
vt 0.708333 0.214286
vt 0.750000 0.714286
vt 0.708333 0.714286
vt 0.750000 0.142857
vt 0.708333 0.142857
vt 0.687500 0.000000
vt 0.666667 0.071429
vt 0.666667 0.571429
vt 0.666667 0.500000
vt 0.666667 0.428571
vt 0.687500 1.000000
vt 0.666667 0.928571
vt 0.666667 0.357143
vt 0.666667 0.857143
vt 0.666667 0.285714
vt 0.666667 0.785714
vt 0.666667 0.214286
vt 0.666667 0.714286
vt 0.666667 0.142857
vt 0.666667 0.642857
vt 0.625000 0.500000
vt 0.625000 0.428571
vt 0.645833 1.000000
vt 0.625000 0.928571
vt 0.625000 0.357143
vt 0.625000 0.857143
vt 0.625000 0.285714
vt 0.625000 0.785714
vt 0.625000 0.214286
vt 0.625000 0.714286
vt 0.625000 0.142857
vt 0.625000 0.642857
vt 0.625000 0.071429
vt 0.625000 0.571429
vt 0.645833 0.000000
vt 0.583333 0.500000
vt 0.583333 0.428571
vt 0.604167 1.000000
vt 0.583333 0.928571
vt 0.583333 0.357143
vt 0.583333 0.857143
vt 0.583333 0.285714
vt 0.583333 0.785714
vt 0.583333 0.214286
vt 0.583333 0.714286
vt 0.583333 0.142857
vt 0.583333 0.642857
vt 0.583333 0.071429
vt 0.583333 0.571429
vt 0.604167 0.000000
vt 0.562500 1.000000
vt 0.541667 0.928571
vt 0.541667 0.428571
vt 0.541667 0.357143
vt 0.541667 0.857143
vt 0.541667 0.285714
vt 0.541667 0.785714
vt 0.541667 0.214286
vt 0.541667 0.714286
vt 0.541667 0.142857
vt 0.541667 0.642857
vt 0.541667 0.071429
vt 0.541667 0.571429
vt 0.562500 0.000000
vt 0.541667 0.500000
vt 0.500000 0.428571
vt 0.500000 0.357143
vt 0.500000 0.928571
vt 0.500000 0.857143
vt 0.500000 0.285714
vt 0.500000 0.785714
vt 0.500000 0.214286
vt 0.500000 0.714286
vt 0.500000 0.142857
vt 0.500000 0.642857
vt 0.500000 0.071429
vt 0.500000 0.571429
vt 0.520833 0.000000
vt 0.500000 0.500000
vt 0.520833 1.000000
vt 0.458333 0.357143
vt 0.458333 0.285714
vt 0.458333 0.857143
vt 0.458333 0.785714
vt 0.458333 0.214286
vt 0.458333 0.714286
vt 0.458333 0.142857
vt 0.458333 0.642857
vt 0.458333 0.071429
vt 0.458333 0.571429
vt 0.479167 0.000000
vt 0.458333 0.500000
vt 0.458333 0.428571
vt 0.479167 1.000000
vt 0.458333 0.928571
vt 0.416667 0.857143
vt 0.416667 0.785714
vt 0.416667 0.285714
vt 0.416667 0.214286
vt 0.416667 0.714286
vt 0.416667 0.142857
vt 0.416667 0.642857
vt 0.416667 0.071429
vt 0.416667 0.571429
vt 0.437500 0.000000
vt 0.416667 0.500000
vt 0.416667 0.428571
vt 0.437500 1.000000
vt 0.416667 0.928571
vt 0.416667 0.357143
vt 0.375000 0.285714
vt 0.375000 0.214286
vt 0.375000 0.785714
vt 0.375000 0.714286
vt 0.375000 0.142857
vt 0.375000 0.642857
vt 0.375000 0.071429
vt 0.375000 0.571429
vt 0.395833 0.000000
vt 0.375000 0.500000
vt 0.375000 0.428571
vt 0.395833 1.000000
vt 0.375000 0.928571
vt 0.375000 0.357143
vt 0.375000 0.857143
vt 0.333333 0.785714
vt 0.333333 0.714286
vt 0.333333 0.214286
vt 0.333333 0.142857
vt 0.333333 0.642857
vt 0.333333 0.071429
vt 0.333333 0.571429
vt 0.354167 0.000000
vt 0.333333 0.500000
vt 0.333333 0.428571
vt 0.354167 1.000000
vt 0.333333 0.928571
vt 0.333333 0.357143
vt 0.333333 0.857143
vt 0.333333 0.285714
vt 0.291667 0.214286
vt 0.291667 0.142857
vt 0.291667 0.714286
vt 0.291667 0.642857
vt 0.291667 0.071429
vt 0.291667 0.571429
vt 0.312500 0.000000
vt 0.291667 0.500000
vt 0.291667 0.428571
vt 0.312500 1.000000
vt 0.291667 0.928571
vt 0.291667 0.357143
vt 0.291667 0.857143
vt 0.291667 0.285714
vt 0.291667 0.785714
vt 0.250000 0.142857
vt 0.250000 0.071429
vt 0.250000 0.642857
vt 0.250000 0.571429
vt 0.270833 0.000000
vt 0.250000 0.500000
vt 0.250000 0.428571
vt 0.270833 1.000000
vt 0.250000 0.928571
vt 0.250000 0.357143
vt 0.250000 0.857143
vt 0.250000 0.285714
vt 0.250000 0.785714
vt 0.250000 0.214286
vt 0.250000 0.714286
vt 0.208333 0.642857
vt 0.208333 0.571429
vt 0.229167 0.000000
vt 0.208333 0.071429
vt 0.208333 0.500000
vt 0.208333 0.428571
vt 0.229167 1.000000
vt 0.208333 0.928571
vt 0.208333 0.357143
vt 0.208333 0.857143
vt 0.208333 0.285714
vt 0.208333 0.785714
vt 0.208333 0.214286
vt 0.208333 0.714286
vt 0.208333 0.142857
vt 0.187500 0.000000
vt 0.166667 0.071429
vt 0.166667 0.571429
vt 0.166667 0.500000
vt 0.166667 0.428571
vt 0.187500 1.000000
vt 0.166667 0.928571
vt 0.166667 0.357143
vt 0.166667 0.857143
vt 0.166667 0.285714
vt 0.166667 0.785714
vt 0.166667 0.214286
vt 0.166667 0.714286
vt 0.166667 0.142857
vt 0.166667 0.642857
vt 0.125000 0.571429
vt 0.125000 0.500000
vt 0.125000 0.428571
vt 0.145833 1.000000
vt 0.125000 0.928571
vt 0.125000 0.357143
vt 0.125000 0.857143
vt 0.125000 0.285714
vt 0.125000 0.785714
vt 0.125000 0.214286
vt 0.125000 0.714286
vt 0.125000 0.142857
vt 0.125000 0.642857
vt 0.125000 0.071429
vt 0.145833 0.000000
vt 0.083333 0.500000
vt 0.083333 0.428571
vt 0.104167 1.000000
vt 0.083333 0.928571
vt 0.083333 0.357143
vt 0.083333 0.857143
vt 0.083333 0.285714
vt 0.083333 0.785714
vt 0.083333 0.214286
vt 0.083333 0.714286
vt 0.083333 0.142857
vt 0.083333 0.642857
vt 0.083333 0.071429
vt 0.083333 0.571429
vt 0.104167 0.000000
vt 0.062500 1.000000
vt 0.041667 0.928571
vt 0.041667 0.428571
vt 0.041667 0.357143
vt 0.041667 0.857143
vt 0.041667 0.285714
vt 0.041667 0.785714
vt 0.041667 0.214286
vt 0.041667 0.714286
vt 0.041667 0.142857
vt 0.041667 0.642857
vt 0.041667 0.071429
vt 0.041667 0.571429
vt 0.062500 0.000000
vt 0.041667 0.500000
vt 0.000000 0.428571
vt 0.000000 0.357143
vt 0.000000 0.928571
vt 0.000000 0.857143
vt 0.000000 0.285714
vt 0.000000 0.785714
vt 0.000000 0.214286
vt 0.000000 0.714286
vt 0.000000 0.142857
vt 0.000000 0.642857
vt 0.000000 0.071429
vt 0.000000 0.571429
vt 0.020833 0.000000
vt 0.000000 0.500000
vt 0.020833 1.000000
vt 1.000000 0.857143
vt 1.000000 0.928571
vt 0.958333 0.928571
vt 0.958333 0.857143
vt 1.000000 0.285714
vt 1.000000 0.357143
vt 0.958333 0.357143
vt 0.958333 0.285714
vt 1.000000 0.785714
vt 0.958333 0.785714
vt 1.000000 0.214286
vt 0.958333 0.214286
vt 1.000000 0.714286
vt 0.958333 0.714286
vt 1.000000 0.142857
vt 0.958333 0.142857
vt 1.000000 0.642857
vt 0.958333 0.642857
vt 1.000000 0.071429
vt 0.958333 0.071429
vt 1.000000 0.571429
vt 0.958333 0.571429
vt 0.979167 0.000000
vt 1.000000 0.500000
vt 0.958333 0.500000
vt 1.000000 0.428571
vt 0.958333 0.428571
vt 0.979167 1.000000
vt 0.916667 0.357143
vt 0.916667 0.285714
vt 0.916667 0.857143
vt 0.916667 0.785714
vt 0.916667 0.214286
vt 0.916667 0.714286
vt 0.916667 0.142857
vt 0.916667 0.642857
vt 0.916667 0.071429
vt 0.916667 0.571429
vt 0.937500 0.000000
vt 0.916667 0.500000
vt 0.916667 0.428571
vt 0.937500 1.000000
vt 0.916667 0.928571
vt 0.875000 0.285714
vt 0.875000 0.214286
vt 0.875000 0.785714
vt 0.875000 0.714286
vt 0.875000 0.142857
vt 0.875000 0.642857
vt 0.875000 0.071429
vt 0.875000 0.571429
vt 0.895833 0.000000
vt 0.875000 0.500000
vt 0.875000 0.428571
vt 0.895833 1.000000
vt 0.875000 0.928571
vt 0.875000 0.357143
vt 0.875000 0.857143
vt 0.833333 0.785714
vt 0.833333 0.714286
vt 0.833333 0.214286
vt 0.833333 0.142857
vt 0.833333 0.642857
vt 0.833333 0.071429
vt 0.833333 0.571429
vt 0.854167 0.000000
vt 0.833333 0.500000
vt 0.833333 0.428571
vt 0.854167 1.000000
vt 0.833333 0.928571
vt 0.833333 0.357143
vt 0.833333 0.857143
vt 0.833333 0.285714
vt 0.791667 0.214286
vt 0.791667 0.142857
vt 0.791667 0.714286
vt 0.791667 0.642857
vt 0.791667 0.071429
vt 0.791667 0.571429
vt 0.812500 0.000000
vt 0.791667 0.500000
vt 0.791667 0.428571
vt 0.812500 1.000000
vt 0.791667 0.928571
vt 0.791667 0.357143
vt 0.791667 0.857143
vt 0.791667 0.285714
vt 0.791667 0.785714
vt 0.770833 0.000000
vt 0.770833 1.000000
vt 0.750000 0.214286
vt 0.750000 0.500000
vt 0.750000 0.357143
vt 0.750000 0.785714
vt 0.666667 0.714286
vt 0.666667 0.285714
vt 0.666667 0.785714
vt 0.666667 0.214286
vt 0.625000 0.285714
vt 0.625000 0.714286
vt 0.583333 0.571429
vt 0.583333 0.428571
vt 0.583333 0.285714
vt 0.583333 0.714286
vt 0.541667 0.357143
vt 0.541667 0.857143
vt 0.541667 0.285714
vt 0.541667 0.785714
vt 0.541667 0.214286
vt 0.541667 0.714286
vt 0.541667 0.142857
vt 0.541667 0.642857
vt 0.500000 0.857143
vt 0.500000 0.285714
vt 0.500000 0.714286
vt 0.500000 0.142857
vt 0.458333 0.500000
vt 0.458333 0.428571
vt 0.458333 0.357143
vt 0.458333 0.857143
vt 0.458333 0.285714
vt 0.458333 0.785714
vt 0.458333 0.214286
vt 0.458333 0.714286
vt 0.458333 0.142857
vt 0.458333 0.642857
vt 0.458333 0.571429
vt 0.416667 0.428571
vt 0.416667 0.857143
vt 0.416667 0.285714
vt 0.416667 0.785714
vt 0.416667 0.714286
vt 0.416667 0.142857
vt 0.416667 0.571429
vt 0.416667 0.500000
vt 0.375000 0.857143
vt 0.375000 0.285714
vt 0.375000 0.785714
vt 0.375000 0.714286
vt 0.375000 0.142857
vt 0.375000 0.500000
vt 0.333333 0.857143
vt 0.333333 0.142857
vt 0.333333 0.571429
vt 0.333333 0.500000
vt 0.333333 0.428571
vt 0.291667 0.857143
vt 0.291667 0.785714
vt 0.291667 0.285714
vt 0.291667 0.714286
vt 0.291667 0.142857
vt 0.291667 0.642857
vt 0.291667 0.500000
vt 0.291667 0.357143
vt 0.250000 0.285714
vt 0.250000 0.785714
vt 0.250000 0.714286
vt 0.250000 0.142857
vt 0.250000 0.500000
vt 0.250000 0.857143
vt 0.208333 0.142857
vt 0.208333 0.714286
vt 0.208333 0.642857
vt 0.208333 0.571429
vt 0.208333 0.500000
vt 0.208333 0.428571
vt 0.208333 0.357143
vt 0.208333 0.857143
vt 0.208333 0.285714
vt 0.208333 0.785714
vt 0.166667 0.714286
vt 0.166667 0.142857
vt 0.166667 0.500000
vt 0.166667 0.857143
vt 0.166667 0.285714
vt 0.125000 0.142857
vt 0.125000 0.642857
vt 0.125000 0.500000
vt 0.125000 0.357143
vt 0.125000 0.857143
vt 0.125000 0.285714
vt 0.125000 0.714286
vt 0.083333 0.642857
vt 0.083333 0.571429
vt 0.083333 0.500000
vt 0.083333 0.428571
vt 0.083333 0.357143
vt 0.083333 0.857143
vt 0.083333 0.285714
vt 0.083333 0.714286
vt 0.083333 0.142857
vt 0.041667 0.071429
vt 0.041667 0.571429
vt 0.041667 0.500000
vt 0.041667 0.428571
vt 0.041667 0.928571
vt 0.041667 0.357143
vt 0.041667 0.857143
vt 0.041667 0.285714
vt 0.041667 0.785714
vt 0.041667 0.214286
vt 0.041667 0.714286
vt 0.041667 0.142857
vt 0.041667 0.642857
vt 0.000000 0.500000
vt 0.000000 0.428571
vt 0.000000 0.357143
vt 0.000000 0.857143
vt 0.000000 0.285714
vt 0.000000 0.785714
vt 0.000000 0.214286
vt 0.000000 0.714286
vt 0.000000 0.142857
vt 0.000000 0.642857
vt 1.000000 0.428571
vt 0.958333 0.500000
vt 0.958333 0.428571
vt 0.958333 0.357143
vt 1.000000 0.857143
vt 0.958333 0.857143
vt 1.000000 0.285714
vt 0.958333 0.285714
vt 1.000000 0.785714
vt 0.958333 0.785714
vt 1.000000 0.214286
vt 0.958333 0.214286
vt 1.000000 0.714286
vt 0.958333 0.714286
vt 1.000000 0.142857
vt 0.958333 0.142857
vt 0.958333 0.642857
vt 0.916667 0.428571
vt 0.916667 0.357143
vt 0.916667 0.857143
vt 0.916667 0.285714
vt 0.916667 0.785714
vt 0.916667 0.214286
vt 0.916667 0.714286
vt 0.916667 0.142857
vt 0.916667 0.642857
vt 0.916667 0.500000
vt 0.875000 0.428571
vt 0.875000 0.357143
vt 0.875000 0.928571
vt 0.875000 0.857143
vt 0.875000 0.285714
vt 0.875000 0.785714
vt 0.875000 0.214286
vt 0.875000 0.714286
vt 0.875000 0.142857
vt 0.875000 0.642857
vt 0.875000 0.071429
vt 0.875000 0.571429
vt 0.875000 0.500000
vt 0.833333 0.357143
vt 0.833333 0.285714
vt 0.833333 0.857143
vt 0.833333 0.785714
vt 0.833333 0.214286
vt 0.833333 0.714286
vt 0.833333 0.142857
vt 0.833333 0.642857
vt 0.833333 0.071429
vt 0.833333 0.571429
vt 0.833333 0.500000
vt 0.833333 0.428571
vt 0.833333 0.928571
vt 0.791667 0.857143
vt 0.791667 0.785714
vt 0.791667 0.285714
vt 0.791667 0.214286
vt 0.791667 0.714286
vt 0.791667 0.142857
vt 0.791667 0.642857
vt 0.791667 0.571429
vt 0.791667 0.500000
vt 0.791667 0.428571
vt 0.791667 0.357143
vt 0.770833 0.000000
vt 0.770833 1.000000
vt 1.000000 1.000000
vt 0.958333 1.000000
vt 0.916667 1.000000
vt 0.875000 1.000000
vt 0.833333 1.000000
vt 0.791667 1.000000
vt 0.791667 0.500000
vt 0.750000 1.000000
vt 0.750000 0.500000
vt 0.708333 1.000000
vt 0.708333 0.500000
vt 0.666667 1.000000
vt 0.666667 0.500000
vt 0.625000 1.000000
vt 0.625000 0.500000
vt 0.583333 1.000000
vt 0.583333 0.500000
vt 0.541666 1.000000
vt 0.541666 0.500000
vt 0.500000 1.000000
vt 0.500000 0.500000
vt 0.458333 1.000000
vt 0.458333 0.500000
vt 0.416666 1.000000
vt 0.416666 0.500000
vt 0.375000 1.000000
vt 0.375000 0.500000
vt 0.333333 1.000000
vt 0.333333 0.500000
vt 0.291667 1.000000
vt 0.291667 0.500000
vt 0.250000 1.000000
vt 0.250000 0.500000
vt 0.208333 1.000000
vt 0.208333 0.500000
vt 0.166666 1.000000
vt 0.166666 0.500000
vt 0.125000 1.000000
vt 0.125000 0.500000
vt 0.083333 1.000000
vt 0.083333 0.500000
vt 0.312117 0.481822
vt 0.250000 0.490000
vt 0.187883 0.481822
vt 0.130000 0.457846
vt 0.080294 0.419706
vt 0.042154 0.370000
vt 0.018178 0.312117
vt 0.010000 0.250000
vt 0.018178 0.187883
vt 0.042154 0.130000
vt 0.080294 0.080294
vt 0.130000 0.042154
vt 0.187883 0.018178
vt 0.250000 0.010000
vt 0.312117 0.018178
vt 0.370000 0.042154
vt 0.419706 0.080294
vt 0.457846 0.130000
vt 0.481822 0.187883
vt 0.490000 0.250000
vt 0.481822 0.312117
vt 0.457846 0.370000
vt 0.419706 0.419706
vt 0.370000 0.457846
vt 0.041666 1.000000
vt 0.041666 0.500000
vt -0.000000 1.000000
vt -0.000000 0.500000
vt 0.750000 0.490000
vt 0.812117 0.481822
vt 0.870000 0.457846
vt 0.919706 0.419706
vt 0.957846 0.370000
vt 0.981822 0.312117
vt 0.990000 0.250000
vt 0.981822 0.187883
vt 0.957846 0.130000
vt 0.919706 0.080294
vt 0.870000 0.042154
vt 0.812117 0.018178
vt 0.750000 0.010000
vt 0.687883 0.018178
vt 0.630000 0.042154
vt 0.580294 0.080294
vt 0.542154 0.130000
vt 0.518178 0.187883
vt 0.510000 0.250000
vt 0.518178 0.312117
vt 0.542154 0.370000
vt 0.580294 0.419706
vt 0.630000 0.457846
vt 0.687883 0.481822
vt 0.937500 0.500000
vt 0.875000 1.000000
vt 0.812500 0.500000
vt 0.750000 1.000000
vt 0.687500 0.500000
vt 0.625000 1.000000
vt 0.562500 0.500000
vt 0.500000 1.000000
vt 0.437500 0.500000
vt 0.375000 1.000000
vt 0.312500 0.500000
vt 0.250000 1.000000
vt 0.187500 0.500000
vt 0.125000 1.000000
vt 0.341844 0.471731
vt 0.158156 0.471731
vt 0.080294 0.419706
vt 0.028269 0.341844
vt 0.010000 0.250000
vt 0.028269 0.158156
vt 0.080294 0.080294
vt 0.158156 0.028269
vt 0.250000 0.010000
vt 0.341844 0.028269
vt 0.419706 0.080294
vt 0.471731 0.158156
vt 0.471731 0.341844
vt 0.062500 1.000000
vt 0.062500 0.500000
vt 0.000000 1.000000
vt 0.841844 0.471731
vt 0.971731 0.341844
vt 0.971731 0.158156
vt 0.919706 0.080294
vt 0.841844 0.028269
vt 0.750000 0.010000
vt 0.658156 0.028269
vt 0.580294 0.080294
vt 0.528269 0.158156
vt 0.528269 0.341844
vt 0.658156 0.471731
vt 0.708333 0.000000
vt 0.750000 0.125000
vt 0.666667 0.125000
vt 0.750000 0.250000
vt 0.750000 0.375000
vt 0.666667 0.375000
vt 0.666667 0.250000
vt 0.750000 0.625000
vt 0.666667 0.625000
vt 0.750000 0.750000
vt 0.750000 0.875000
vt 0.666667 0.875000
vt 0.666667 0.750000
vt 0.708333 1.000000
vt 0.583333 0.250000
vt 0.583333 0.125000
vt 0.583333 0.375000
vt 0.583333 0.750000
vt 0.583333 0.625000
vt 0.583333 0.875000
vt 0.625000 0.000000
vt 0.500000 0.375000
vt 0.500000 0.750000
vt 0.500000 0.625000
vt 0.541667 1.000000
vt 0.500000 0.875000
vt 0.541667 0.000000
vt 0.500000 0.125000
vt 0.500000 0.250000
vt 0.458333 0.000000
vt 0.416667 0.125000
vt 0.416667 0.375000
vt 0.416667 0.250000
vt 0.416667 0.625000
vt 0.416667 0.875000
vt 0.416667 0.750000
vt 0.458333 1.000000
vt 0.333333 0.625000
vt 0.333333 0.875000
vt 0.333333 0.750000
vt 0.333333 0.250000
vt 0.333333 0.125000
vt 0.333333 0.375000
vt 0.375000 0.000000
vt 0.250000 0.250000
vt 0.250000 0.125000
vt 0.250000 0.375000
vt 0.250000 0.750000
vt 0.250000 0.625000
vt 0.291667 1.000000
vt 0.250000 0.875000
vt 0.291667 0.000000
vt 0.166667 0.750000
vt 0.166667 0.625000
vt 0.208333 1.000000
vt 0.166667 0.875000
vt 0.208333 0.000000
vt 0.166667 0.125000
vt 0.166667 0.375000
vt 0.166667 0.250000
vt 0.166667 0.500000
vt 0.125000 0.000000
vt 0.083333 0.125000
vt 0.083333 0.375000
vt 0.083333 0.250000
vt 0.083333 0.625000
vt 0.083333 0.875000
vt 0.083333 0.750000
vt 0.000000 0.875000
vt 0.000000 0.750000
vt 0.000000 0.250000
vt 0.000000 0.125000
vt 0.000000 0.375000
vt 0.000000 0.625000
vt 0.041667 1.000000
vt 0.041667 0.000000
vt 1.000000 0.125000
vt 1.000000 0.250000
vt 0.916667 0.250000
vt 0.916667 0.125000
vt 1.000000 0.375000
vt 0.916667 0.375000
vt 1.000000 0.625000
vt 1.000000 0.750000
vt 0.916667 0.750000
vt 0.916667 0.625000
vt 1.000000 0.875000
vt 0.916667 0.875000
vt 0.958333 0.000000
vt 0.833333 0.875000
vt 0.875000 0.000000
vt 0.833333 0.125000
vt 0.833333 0.375000
vt 0.833333 0.250000
vt 0.833333 0.625000
vt 0.833333 0.750000
vt 0.791667 1.000000
vt 0.791667 0.000000
s 1
f 5/1/5 4/2/4 13/3/13 14/4/14
f 8/5/8 314/6/314 21/7/21
f 310/8/310 5/1/5 14/4/14 15/9/15
f 6/10/6 310/8/310 15/9/15 16/11/16
f 308/12/308 1/13/1 9/14/9
f 311/15/311 6/10/6 16/11/16 17/16/17
f 309/17/309 308/12/308 9/14/9 10/18/10
f 7/19/7 311/15/311 17/16/17 18/20/18
f 2/21/2 309/17/309 10/18/10 11/22/11
f 312/23/312 7/19/7 18/20/18 19/24/19
f 3/25/3 2/21/2 11/22/11 12/26/12
f 313/27/313 312/23/312 19/24/19 20/28/20
f 4/2/4 3/25/3 12/26/12 13/3/13
f 314/6/314 313/27/313 20/28/20 21/7/21
f 8/29/8 21/7/21 34/30/34
f 15/9/15 14/4/14 27/31/27 28/32/28
f 16/11/16 15/9/15 28/32/28 29/33/29
f 9/14/9 1/34/1 22/35/22
f 17/16/17 16/11/16 29/33/29 30/36/30
f 10/18/10 9/14/9 22/35/22 23/37/23
f 18/20/18 17/16/17 30/36/30 31/38/31
f 11/22/11 10/18/10 23/37/23 24/39/24
f 19/24/19 18/20/18 31/38/31 32/40/32
f 12/26/12 11/22/11 24/39/24 25/41/25
f 20/28/20 19/24/19 32/40/32 33/42/33
f 13/3/13 12/26/12 25/41/25 26/43/26
f 21/7/21 20/28/20 33/42/33 34/30/34
f 14/4/14 13/3/13 26/43/26 27/31/27
f 29/33/29 28/32/28 41/44/41 42/45/42
f 22/35/22 1/46/1 35/47/35
f 30/36/30 29/33/29 42/45/42 43/48/43
f 23/37/23 22/35/22 35/47/35 36/49/36
f 31/38/31 30/36/30 43/48/43 44/50/44
f 24/39/24 23/37/23 36/49/36 37/51/37
f 32/40/32 31/38/31 44/50/44 45/52/45
f 25/41/25 24/39/24 37/51/37 38/53/38
f 33/42/33 32/40/32 45/52/45 46/54/46
f 26/43/26 25/41/25 38/53/38 39/55/39
f 34/30/34 33/42/33 46/54/46 47/56/47
f 27/31/27 26/43/26 39/55/39 40/57/40
f 8/58/8 34/30/34 47/56/47
f 28/32/28 27/31/27 40/57/40 41/44/41
f 42/45/42 41/44/41 54/59/54 55/60/55
f 35/47/35 1/61/1 48/62/48
f 43/48/43 42/45/42 55/60/55 56/63/56
f 36/49/36 35/47/35 48/62/48 49/64/49
f 44/50/44 43/48/43 56/63/56 57/65/57
f 37/51/37 36/49/36 49/64/49 50/66/50
f 45/52/45 44/50/44 57/65/57 58/67/58
f 38/53/38 37/51/37 50/66/50 51/68/51
f 46/54/46 45/52/45 58/67/58 59/69/59
f 39/55/39 38/53/38 51/68/51 52/70/52
f 47/56/47 46/54/46 59/69/59 60/71/60
f 40/57/40 39/55/39 52/70/52 53/72/53
f 8/73/8 47/56/47 60/71/60
f 41/44/41 40/57/40 53/72/53 54/59/54
f 48/62/48 1/74/1 61/75/61
f 56/63/56 55/60/55 68/76/68 69/77/69
f 49/64/49 48/62/48 61/75/61 62/78/62
f 57/65/57 56/63/56 69/77/69 70/79/70
f 50/66/50 49/64/49 62/78/62 63/80/63
f 58/67/58 57/65/57 70/79/70 71/81/71
f 51/68/51 50/66/50 63/80/63 64/82/64
f 59/69/59 58/67/58 71/81/71 72/83/72
f 52/70/52 51/68/51 64/82/64 65/84/65
f 60/71/60 59/69/59 72/83/72 73/85/73
f 53/72/53 52/70/52 65/84/65 66/86/66
f 8/87/8 60/71/60 73/85/73
f 54/59/54 53/72/53 66/86/66 67/88/67
f 55/60/55 54/59/54 67/88/67 68/76/68
f 69/77/69 68/76/68 81/89/81 82/90/82
f 62/78/62 61/75/61 74/91/74 75/92/75
f 70/79/70 69/77/69 82/90/82 83/93/83
f 63/80/63 62/78/62 75/92/75 76/94/76
f 71/81/71 70/79/70 83/93/83 84/95/84
f 64/82/64 63/80/63 76/94/76 77/96/77
f 72/83/72 71/81/71 84/95/84 85/97/85
f 65/84/65 64/82/64 77/96/77 78/98/78
f 73/85/73 72/83/72 85/97/85 86/99/86
f 66/86/66 65/84/65 78/98/78 79/100/79
f 8/101/8 73/85/73 86/99/86
f 67/88/67 66/86/66 79/100/79 80/102/80
f 68/76/68 67/88/67 80/102/80 81/89/81
f 61/75/61 1/103/1 74/91/74
f 83/93/83 82/90/82 95/104/95 96/105/96
f 76/94/76 75/92/75 88/106/88 89/107/89
f 84/95/84 83/93/83 96/105/96 97/108/97
f 77/96/77 76/94/76 89/107/89 90/109/90
f 85/97/85 84/95/84 97/108/97 98/110/98
f 78/98/78 77/96/77 90/109/90 91/111/91
f 86/99/86 85/97/85 98/110/98 99/112/99
f 79/100/79 78/98/78 91/111/91 92/113/92
f 8/114/8 86/99/86 99/112/99
f 80/102/80 79/100/79 92/113/92 93/115/93
f 81/89/81 80/102/80 93/115/93 94/116/94
f 74/91/74 1/117/1 87/118/87
f 82/90/82 81/89/81 94/116/94 95/104/95
f 75/92/75 74/91/74 87/118/87 88/106/88
f 89/107/89 88/106/88 101/119/101 102/120/102
f 97/108/97 96/105/96 109/121/109 110/122/110
f 90/109/90 89/107/89 102/120/102 103/123/103
f 98/110/98 97/108/97 110/122/110 111/124/111
f 91/111/91 90/109/90 103/123/103 104/125/104
f 99/112/99 98/110/98 111/124/111 112/126/112
f 92/113/92 91/111/91 104/125/104 105/127/105
f 8/128/8 99/112/99 112/126/112
f 93/115/93 92/113/92 105/127/105 106/129/106
f 94/116/94 93/115/93 106/129/106 107/130/107
f 87/118/87 1/131/1 100/132/100
f 95/104/95 94/116/94 107/130/107 108/133/108
f 88/106/88 87/118/87 100/132/100 101/119/101
f 96/105/96 95/104/95 108/133/108 109/121/109
f 110/122/110 109/121/109 122/134/122 123/135/123
f 103/123/103 102/120/102 115/136/115 116/137/116
f 111/124/111 110/122/110 123/135/123 124/138/124
f 104/125/104 103/123/103 116/137/116 117/139/117
f 112/126/112 111/124/111 124/138/124 125/140/125
f 105/127/105 104/125/104 117/139/117 118/141/118
f 8/142/8 112/126/112 125/140/125
f 106/129/106 105/127/105 118/141/118 119/143/119
f 107/130/107 106/129/106 119/143/119 120/144/120
f 100/132/100 1/145/1 113/146/113
f 108/133/108 107/130/107 120/144/120 121/147/121
f 101/119/101 100/132/100 113/146/113 114/148/114
f 109/121/109 108/133/108 121/147/121 122/134/122
f 102/120/102 101/119/101 114/148/114 115/136/115
f 116/137/116 115/136/115 128/149/128 129/150/129
f 124/138/124 123/135/123 136/151/136 137/152/137
f 117/139/117 116/137/116 129/150/129 130/153/130
f 125/140/125 124/138/124 137/152/137 138/154/138
f 118/141/118 117/139/117 130/153/130 131/155/131
f 8/156/8 125/140/125 138/154/138
f 119/143/119 118/141/118 131/155/131 132/157/132
f 120/144/120 119/143/119 132/157/132 133/158/133
f 113/146/113 1/159/1 126/160/126
f 121/147/121 120/144/120 133/158/133 134/161/134
f 114/148/114 113/146/113 126/160/126 127/162/127
f 122/134/122 121/147/121 134/161/134 135/163/135
f 115/136/115 114/148/114 127/162/127 128/149/128
f 123/135/123 122/134/122 135/163/135 136/151/136
f 137/152/137 136/151/136 149/164/149 150/165/150
f 130/153/130 129/150/129 142/166/142 143/167/143
f 138/154/138 137/152/137 150/165/150 151/168/151
f 131/155/131 130/153/130 143/167/143 144/169/144
f 8/170/8 138/154/138 151/168/151
f 132/157/132 131/155/131 144/169/144 145/171/145
f 133/158/133 132/157/132 145/171/145 146/172/146
f 126/160/126 1/173/1 139/174/139
f 134/161/134 133/158/133 146/172/146 147/175/147
f 127/162/127 126/160/126 139/174/139 140/176/140
f 135/163/135 134/161/134 147/175/147 148/177/148
f 128/149/128 127/162/127 140/176/140 141/178/141
f 136/151/136 135/163/135 148/177/148 149/164/149
f 129/150/129 128/149/128 141/178/141 142/166/142
f 151/168/151 150/165/150 163/179/163 164/180/164
f 144/169/144 143/167/143 156/181/156 157/182/157
f 8/183/8 151/168/151 164/180/164
f 145/171/145 144/169/144 157/182/157 158/184/158
f 146/172/146 145/171/145 158/184/158 159/185/159
f 139/174/139 1/186/1 152/187/152
f 147/175/147 146/172/146 159/185/159 160/188/160
f 140/176/140 139/174/139 152/187/152 153/189/153
f 148/177/148 147/175/147 160/188/160 161/190/161
f 141/178/141 140/176/140 153/189/153 154/191/154
f 149/164/149 148/177/148 161/190/161 162/192/162
f 142/166/142 141/178/141 154/191/154 155/193/155
f 150/165/150 149/164/149 162/192/162 163/179/163
f 143/167/143 142/166/142 155/193/155 156/181/156
f 157/182/157 156/181/156 169/194/169 170/195/170
f 8/196/8 164/180/164 177/197/177
f 158/184/158 157/182/157 170/195/170 171/198/171
f 159/185/159 158/184/158 171/198/171 172/199/172
f 152/187/152 1/200/1 165/201/165
f 160/188/160 159/185/159 172/199/172 173/202/173
f 153/189/153 152/187/152 165/201/165 166/203/166
f 161/190/161 160/188/160 173/202/173 174/204/174
f 154/191/154 153/189/153 166/203/166 167/205/167
f 162/192/162 161/190/161 174/204/174 175/206/175
f 155/193/155 154/191/154 167/205/167 168/207/168
f 163/179/163 162/192/162 175/206/175 176/208/176
f 156/181/156 155/193/155 168/207/168 169/194/169
f 164/180/164 163/179/163 176/208/176 177/197/177
f 8/209/8 177/197/177 190/210/190
f 171/198/171 170/195/170 183/211/183 184/212/184
f 172/199/172 171/198/171 184/212/184 185/213/185
f 165/201/165 1/214/1 178/215/178
f 173/202/173 172/199/172 185/213/185 186/216/186
f 166/203/166 165/201/165 178/215/178 179/217/179
f 174/204/174 173/202/173 186/216/186 187/218/187
f 167/205/167 166/203/166 179/217/179 180/219/180
f 175/206/175 174/204/174 187/218/187 188/220/188
f 168/207/168 167/205/167 180/219/180 181/221/181
f 176/208/176 175/206/175 188/220/188 189/222/189
f 169/194/169 168/207/168 181/221/181 182/223/182
f 177/197/177 176/208/176 189/222/189 190/210/190
f 170/195/170 169/194/169 182/223/182 183/211/183
f 184/212/184 183/211/183 196/224/196 197/225/197
f 185/213/185 184/212/184 197/225/197 198/226/198
f 178/215/178 1/227/1 191/228/191
f 186/216/186 185/213/185 198/226/198 199/229/199
f 179/217/179 178/215/178 191/228/191 192/230/192
f 187/218/187 186/216/186 199/229/199 200/231/200
f 180/219/180 179/217/179 192/230/192 193/232/193
f 188/220/188 187/218/187 200/231/200 201/233/201
f 181/221/181 180/219/180 193/232/193 194/234/194
f 189/222/189 188/220/188 201/233/201 202/235/202
f 182/223/182 181/221/181 194/234/194 195/236/195
f 190/210/190 189/222/189 202/235/202 203/237/203
f 183/211/183 182/223/182 195/236/195 196/224/196
f 8/238/8 190/210/190 203/237/203
f 198/226/198 197/225/197 210/239/210 211/240/211
f 191/228/191 1/241/1 204/242/204
f 199/229/199 198/226/198 211/240/211 212/243/212
f 192/230/192 191/228/191 204/242/204 205/244/205
f 200/231/200 199/229/199 212/243/212 213/245/213
f 193/232/193 192/230/192 205/244/205 206/246/206
f 201/233/201 200/231/200 213/245/213 214/247/214
f 194/234/194 193/232/193 206/246/206 207/248/207
f 202/235/202 201/233/201 214/247/214 215/249/215
f 195/236/195 194/234/194 207/248/207 208/250/208
f 203/237/203 202/235/202 215/249/215 216/251/216
f 196/224/196 195/236/195 208/250/208 209/252/209
f 8/253/8 203/237/203 216/251/216
f 197/225/197 196/224/196 209/252/209 210/239/210
f 204/242/204 1/254/1 217/255/217
f 212/243/212 211/240/211 224/256/224 225/257/225
f 205/244/205 204/242/204 217/255/217 218/258/218
f 213/245/213 212/243/212 225/257/225 226/259/226
f 206/246/206 205/244/205 218/258/218 219/260/219
f 214/247/214 213/245/213 226/259/226 227/261/227
f 207/248/207 206/246/206 219/260/219 220/262/220
f 215/249/215 214/247/214 227/261/227 228/263/228
f 208/250/208 207/248/207 220/262/220 221/264/221
f 216/251/216 215/249/215 228/263/228 229/265/229
f 209/252/209 208/250/208 221/264/221 222/266/222
f 8/267/8 216/251/216 229/265/229
f 210/239/210 209/252/209 222/266/222 223/268/223
f 211/240/211 210/239/210 223/268/223 224/256/224
f 225/257/225 224/256/224 237/269/237 238/270/238
f 218/258/218 217/255/217 230/271/230 231/272/231
f 226/259/226 225/257/225 238/270/238 239/273/239
f 219/260/219 218/258/218 231/272/231 232/274/232
f 227/261/227 226/259/226 239/273/239 240/275/240
f 220/262/220 219/260/219 232/274/232 233/276/233
f 228/263/228 227/261/227 240/275/240 241/277/241
f 221/264/221 220/262/220 233/276/233 234/278/234
f 229/265/229 228/263/228 241/277/241 242/279/242
f 222/266/222 221/264/221 234/278/234 235/280/235
f 8/281/8 229/265/229 242/279/242
f 223/268/223 222/266/222 235/280/235 236/282/236
f 224/256/224 223/268/223 236/282/236 237/269/237
f 217/255/217 1/283/1 230/271/230
f 231/284/231 230/285/230 243/286/243 244/287/244
f 239/288/239 238/289/238 251/290/251 252/291/252
f 232/292/232 231/284/231 244/287/244 245/293/245
f 240/294/240 239/288/239 252/291/252 253/295/253
f 233/296/233 232/292/232 245/293/245 246/297/246
f 241/298/241 240/294/240 253/295/253 254/299/254
f 234/300/234 233/296/233 246/297/246 247/301/247
f 242/302/242 241/298/241 254/299/254 255/303/255
f 235/304/235 234/300/234 247/301/247 248/305/248
f 8/306/8 242/302/242 255/303/255
f 236/307/236 235/304/235 248/305/248 249/308/249
f 237/309/237 236/307/236 249/308/249 250/310/250
f 230/285/230 1/311/1 243/286/243
f 238/289/238 237/309/237 250/310/250 251/290/251
f 252/291/252 251/290/251 264/312/264 265/313/265
f 245/293/245 244/287/244 257/314/257 258/315/258
f 253/295/253 252/291/252 265/313/265 266/316/266
f 246/297/246 245/293/245 258/315/258 259/317/259
f 254/299/254 253/295/253 266/316/266 267/318/267
f 247/301/247 246/297/246 259/317/259 260/319/260
f 255/303/255 254/299/254 267/318/267 268/320/268
f 248/305/248 247/301/247 260/319/260 261/321/261
f 8/322/8 255/303/255 268/320/268
f 249/308/249 248/305/248 261/321/261 262/323/262
f 250/310/250 249/308/249 262/323/262 263/324/263
f 243/286/243 1/325/1 256/326/256
f 251/290/251 250/310/250 263/324/263 264/312/264
f 244/287/244 243/286/243 256/326/256 257/314/257
f 266/316/266 265/313/265 278/327/278 279/328/279
f 259/317/259 258/315/258 271/329/271 272/330/272
f 267/318/267 266/316/266 279/328/279 280/331/280
f 260/319/260 259/317/259 272/330/272 273/332/273
f 268/320/268 267/318/267 280/331/280 281/333/281
f 261/321/261 260/319/260 273/332/273 274/334/274
f 8/335/8 268/320/268 281/333/281
f 262/323/262 261/321/261 274/334/274 275/336/275
f 263/324/263 262/323/262 275/336/275 276/337/276
f 256/326/256 1/338/1 269/339/269
f 264/312/264 263/324/263 276/337/276 277/340/277
f 257/314/257 256/326/256 269/339/269 270/341/270
f 265/313/265 264/312/264 277/340/277 278/327/278
f 258/315/258 257/314/257 270/341/270 271/329/271
f 272/330/272 271/329/271 284/342/284 285/343/285
f 280/331/280 279/328/279 292/344/292 293/345/293
f 273/332/273 272/330/272 285/343/285 286/346/286
f 281/333/281 280/331/280 293/345/293 294/347/294
f 274/334/274 273/332/273 286/346/286 287/348/287
f 8/349/8 281/333/281 294/347/294
f 275/336/275 274/334/274 287/348/287 288/350/288
f 276/337/276 275/336/275 288/350/288 289/351/289
f 269/339/269 1/352/1 282/353/282
f 277/340/277 276/337/276 289/351/289 290/354/290
f 270/341/270 269/339/269 282/353/282 283/355/283
f 278/327/278 277/340/277 290/354/290 291/356/291
f 271/329/271 270/341/270 283/355/283 284/342/284
f 279/328/279 278/327/278 291/356/291 292/344/292
f 293/345/293 292/344/292 305/357/305 306/358/306
f 286/346/286 285/343/285 298/359/298 299/360/299
f 294/347/294 293/345/293 306/358/306 307/361/307
f 287/348/287 286/346/286 299/360/299 300/362/300
f 8/363/8 294/347/294 307/361/307
f 288/350/288 287/348/287 300/362/300 301/364/301
f 289/351/289 288/350/288 301/364/301 302/365/302
f 282/353/282 1/366/1 295/367/295
f 290/354/290 289/351/289 302/365/302 303/368/303
f 283/355/283 282/353/282 295/367/295 296/369/296
f 291/356/291 290/354/290 303/368/303 304/370/304
f 284/342/284 283/355/283 296/369/296 297/371/297
f 292/344/292 291/356/291 304/370/304 305/357/305
f 285/343/285 284/342/284 297/371/297 298/359/298
f 299/360/299 298/359/298 3/25/3 4/2/4
f 307/361/307 306/358/306 313/27/313 314/6/314
f 300/362/300 299/360/299 4/2/4 5/1/5
f 8/372/8 307/361/307 314/6/314
f 301/364/301 300/362/300 5/1/5 310/8/310
f 302/365/302 301/364/301 310/8/310 6/10/6
f 295/367/295 1/373/1 308/12/308
f 303/368/303 302/365/302 6/10/6 311/15/311
f 296/369/296 295/367/295 308/12/308 309/17/309
f 304/370/304 303/368/303 311/15/311 7/19/7
f 297/371/297 296/369/296 309/17/309 2/21/2
f 305/357/305 304/370/304 7/19/7 312/23/312
f 298/359/298 297/371/297 2/21/2 3/25/3
f 306/358/306 305/357/305 312/23/312 313/27/313
f 319/27/318 627/374/621 331/24/329 332/28/330
f 622/2/617 317/25/316 324/26/322 325/3/323
f 628/6/622 319/27/318 332/28/330 333/7/331
f 623/1/618 622/2/617 325/3/323 326/4/324
f 320/5/8 628/6/622 333/7/331
f 624/375/310 623/1/618 326/4/324 327/9/325
f 625/10/619 624/375/310 327/9/325 328/11/326
f 620/12/615 315/13/1 321/14/319
f 626/376/620 625/10/619 328/11/326 329/16/327
f 316/17/315 620/12/615 321/14/319 322/18/320
f 318/19/317 626/376/620 329/16/327 330/20/328
f 621/377/616 316/17/315 322/18/320 323/22/321
f 627/374/621 318/19/317 330/20/328 331/24/329
f 317/25/316 621/377/616 323/22/321 324/26/322
f 325/3/323 324/26/322 337/378/335 338/43/336
f 333/7/331 332/28/330 345/42/343 346/30/344
f 326/4/324 325/3/323 338/43/336 339/31/337
f 320/29/8 333/7/331 346/30/344
f 327/9/325 326/4/324 339/31/337 340/32/338
f 328/11/326 327/9/325 340/32/338 341/33/339
f 321/14/319 315/34/1 334/35/332
f 329/16/327 328/11/326 341/33/339 342/36/340
f 322/18/320 321/14/319 334/35/332 335/37/333
f 330/20/328 329/16/327 342/36/340 343/379/341
f 323/22/321 322/18/320 335/37/333 336/380/334
f 331/24/329 330/20/328 343/379/341 344/381/342
f 324/26/322 323/22/321 336/380/334 337/378/335
f 332/28/330 331/24/329 344/381/342 345/42/343
f 346/30/344 345/42/343 358/54/356 359/56/357
f 339/31/337 338/43/336 351/55/349 352/57/350
f 320/58/8 346/30/344 359/56/357
f 340/32/338 339/31/337 352/57/350 353/44/351
f 341/33/339 340/32/338 353/44/351 354/45/352
f 334/35/332 315/46/1 347/47/345
f 342/36/340 341/33/339 354/45/352 355/48/353
f 335/37/333 334/35/332 347/47/345 348/49/346
f 343/379/341 342/36/340 355/48/353 356/382/354
f 336/380/334 335/37/333 348/49/346 349/51/347
f 344/381/342 343/379/341 356/382/354 357/52/355
f 337/378/335 336/380/334 349/51/347 350/383/348
f 345/42/343 344/381/342 357/52/355 358/54/356
f 338/43/336 337/378/335 350/383/348 351/55/349
f 320/73/8 359/56/357 372/71/370
f 353/44/351 352/57/350 365/384/363 366/59/364
f 354/45/352 353/44/351 366/59/364 367/385/365
f 347/47/345 315/61/1 360/62/358
f 355/48/353 354/45/352 367/385/365 368/63/366
f 348/49/346 347/47/345 360/62/358 361/64/359
f 356/382/354 355/48/353 368/63/366 369/386/367
f 349/51/347 348/49/346 361/64/359 362/66/360
f 357/52/355 356/382/354 369/386/367 370/67/368
f 350/383/348 349/51/347 362/66/360 363/387/361
f 358/54/356 357/52/355 370/67/368 371/69/369
f 351/55/349 350/383/348 363/387/361 364/70/362
f 359/56/357 358/54/356 371/69/369 372/71/370
f 352/57/350 351/55/349 364/70/362 365/384/363
f 366/59/364 365/384/363 378/86/376 379/88/377
f 367/385/365 366/59/364 379/88/377 380/76/378
f 360/62/358 315/74/1 373/75/371
f 368/63/366 367/385/365 380/76/378 381/388/379
f 361/64/359 360/62/358 373/75/371 374/389/372
f 369/386/367 368/63/366 381/388/379 382/390/380
f 362/66/360 361/64/359 374/389/372 375/391/373
f 370/67/368 369/386/367 382/390/380 383/392/381
f 363/387/361 362/66/360 375/391/373 376/393/374
f 371/69/369 370/67/368 383/392/381 384/394/382
f 364/70/362 363/387/361 376/393/374 377/395/375
f 372/71/370 371/69/369 384/394/382 385/85/383
f 365/384/363 364/70/362 377/395/375 378/86/376
f 320/87/8 372/71/370 385/85/383
f 380/76/378 379/88/377 392/102/80 393/89/390
f 373/75/371 315/103/1 386/91/384
f 381/388/379 380/76/378 393/89/390 394/90/391
f 374/389/372 373/75/371 386/91/384 387/396/385
f 382/390/380 381/388/379 394/90/391 395/397/392
f 375/391/373 374/389/372 387/396/385 388/94/386
f 383/392/381 382/390/380 395/397/392 396/95/393
f 376/393/374 375/391/373 388/94/386 389/398/387
f 384/394/382 383/392/381 396/95/393 397/399/394
f 377/395/375 376/393/374 389/398/387 390/98/388
f 385/85/383 384/394/382 397/399/394 398/99/395
f 378/86/376 377/395/375 390/98/388 391/100/389
f 320/101/8 385/85/383 398/99/395
f 379/88/377 378/86/376 391/100/389 392/102/80
f 393/89/390 392/102/80 405/400/402 406/401/403
f 386/91/384 315/117/1 399/118/396
f 394/90/391 393/89/390 406/401/403 407/402/404
f 387/396/385 386/91/384 399/118/396 400/403/397
f 395/397/392 394/90/391 407/402/404 408/404/405
f 388/94/386 387/396/385 400/403/397 401/405/398
f 396/95/393 395/397/392 408/404/405 409/406/406
f 389/398/387 388/94/386 401/405/398 402/407/399
f 397/399/394 396/95/393 409/406/406 410/408/407
f 390/98/388 389/398/387 402/407/399 403/409/400
f 398/99/395 397/399/394 410/408/407 411/112/408
f 391/100/389 390/98/388 403/409/400 404/410/401
f 320/114/8 398/99/395 411/112/408
f 392/102/80 391/100/389 404/410/401 405/400/402
f 407/402/404 406/401/403 419/411/416 420/133/417
f 400/403/397 399/118/396 412/132/409 413/412/410
f 408/404/405 407/402/404 420/133/417 421/413/418
f 401/405/398 400/403/397 413/412/410 414/414/411
f 409/406/406 408/404/405 421/413/418 422/122/419
f 402/407/399 401/405/398 414/414/411 415/415/412
f 410/408/407 409/406/406 422/122/419 423/416/420
f 403/409/400 402/407/399 415/415/412 416/125/413
f 411/112/408 410/408/407 423/416/420 424/126/421
f 404/410/401 403/409/400 416/125/413 417/417/414
f 320/128/8 411/112/408 424/126/421
f 405/400/402 404/410/401 417/417/414 418/418/415
f 406/401/403 405/400/402 418/418/415 419/411/416
f 399/118/396 315/131/1 412/132/409
f 413/412/410 412/132/409 425/146/422 426/419/423
f 421/413/418 420/133/417 433/147/430 434/420/431
f 414/414/411 413/412/410 426/419/423 427/421/424
f 422/122/419 421/413/418 434/420/431 435/135/432
f 415/415/412 414/414/411 427/421/424 428/422/425
f 423/416/420 422/122/419 435/135/432 436/423/433
f 416/125/413 415/415/412 428/422/425 429/139/426
f 424/126/421 423/416/420 436/423/433 437/140/434
f 417/417/414 416/125/413 429/139/426 430/141/427
f 320/142/8 424/126/421 437/140/434
f 418/418/415 417/417/414 430/141/427 431/424/428
f 419/411/416 418/418/415 431/424/428 432/144/429
f 412/132/409 315/145/1 425/146/422
f 420/133/417 419/411/416 432/144/429 433/147/430
f 434/420/431 433/147/430 446/161/443 447/163/444
f 427/421/424 426/419/423 439/425/436 440/149/437
f 435/135/432 434/420/431 447/163/444 448/151/445
f 428/422/425 427/421/424 440/149/437 441/150/438
f 436/423/433 435/135/432 448/151/445 449/426/446
f 429/139/426 428/422/425 441/150/438 442/153/439
f 437/140/434 436/423/433 449/426/446 450/154/447
f 430/141/427 429/139/426 442/153/439 443/427/440
f 320/156/8 437/140/434 450/154/447
f 431/424/428 430/141/427 443/427/440 444/428/441
f 432/144/429 431/424/428 444/428/441 445/429/442
f 425/146/422 315/159/1 438/160/435
f 433/147/430 432/144/429 445/429/442 446/161/443
f 426/419/423 425/146/422 438/160/435 439/425/436
f 440/149/437 439/425/436 452/430/449 453/431/450
f 448/151/445 447/163/444 460/432/457 461/164/458
f 441/150/438 440/149/437 453/431/450 454/433/451
f 449/426/446 448/151/445 461/164/458 462/434/459
f 442/153/439 441/150/438 454/433/451 455/435/452
f 450/154/447 449/426/446 462/434/459 463/168/460
f 443/427/440 442/153/439 455/435/452 456/169/453
f 320/170/8 450/154/447 463/168/460
f 444/428/441 443/427/440 456/169/453 457/436/454
f 445/429/442 444/428/441 457/436/454 458/172/455
f 438/160/435 315/173/1 451/174/448
f 446/161/443 445/429/442 458/172/455 459/437/456
f 439/425/436 438/160/435 451/174/448 452/430/449
f 447/163/444 446/161/443 459/437/456 460/432/457
f 461/164/458 460/432/457 473/438/469 474/192/470
f 454/433/451 453/431/450 466/439/463 467/440/464
f 462/434/459 461/164/458 474/192/470 475/441/471
f 455/435/452 454/433/451 467/440/464 468/181/465
f 463/168/460 462/434/459 475/441/471 476/180/472
f 456/169/453 455/435/452 468/181/465 469/182/466
f 320/183/8 463/168/460 476/180/472
f 457/436/454 456/169/453 469/182/466 470/442/158
f 458/172/455 457/436/454 470/442/158 471/185/467
f 451/174/448 315/186/1 464/187/461
f 459/437/456 458/172/455 471/185/467 472/188/468
f 452/430/449 451/174/448 464/187/461 465/443/462
f 460/432/457 459/437/456 472/188/468 473/438/469
f 453/431/450 452/430/449 465/443/462 466/439/463
f 475/441/471 474/192/470 487/206/483 488/444/484
f 468/181/465 467/440/464 480/445/476 481/446/477
f 476/180/472 475/441/471 488/444/484 489/197/485
f 469/182/466 468/181/465 481/446/477 482/447/478
f 320/196/8 476/180/472 489/197/485
f 470/442/158 469/182/466 482/447/478 483/448/479
f 471/185/467 470/442/158 483/448/479 484/449/480
f 464/187/461 315/200/1 477/201/473
f 472/188/468 471/185/467 484/449/480 485/450/481
f 465/443/462 464/187/461 477/201/473 478/451/474
f 473/438/469 472/188/468 485/450/481 486/452/482
f 466/439/463 465/443/462 478/451/474 479/453/475
f 474/192/470 473/438/469 486/452/482 487/206/483
f 467/440/464 466/439/463 479/453/475 480/445/476
f 481/446/477 480/445/476 493/454/489 494/223/490
f 489/197/485 488/444/484 501/455/497 502/210/498
f 482/447/478 481/446/477 494/223/490 495/211/491
f 320/209/8 489/197/485 502/210/498
f 483/448/479 482/447/478 495/211/491 496/456/492
f 484/449/480 483/448/479 496/456/492 497/213/493
f 477/201/473 315/214/1 490/215/486
f 485/450/481 484/449/480 497/213/493 498/216/494
f 478/451/474 477/201/473 490/215/486 491/457/487
f 486/452/482 485/450/481 498/216/494 499/458/495
f 479/453/475 478/451/474 491/457/487 492/219/488
f 487/206/483 486/452/482 499/458/495 500/220/496
f 480/445/476 479/453/475 492/219/488 493/454/489
f 488/444/484 487/206/483 500/220/496 501/455/497
f 502/210/498 501/455/497 514/459/510 515/237/511
f 495/211/491 494/223/490 507/460/503 508/224/504
f 320/238/8 502/210/498 515/237/511
f 496/456/492 495/211/491 508/224/504 509/461/505
f 497/213/493 496/456/492 509/461/505 510/226/506
f 490/215/486 315/227/1 503/228/499
f 498/216/494 497/213/493 510/226/506 511/462/507
f 491/457/487 490/215/486 503/228/499 504/463/500
f 499/458/495 498/216/494 511/462/507 512/464/508
f 492/219/488 491/457/487 504/463/500 505/232/501
f 500/220/496 499/458/495 512/464/508 513/233/509
f 493/454/489 492/219/488 505/232/501 506/465/502
f 501/455/497 500/220/496 513/233/509 514/459/510
f 494/223/490 493/454/489 506/465/502 507/460/503
f 508/224/504 507/460/503 520/466/516 521/467/517
f 320/253/8 515/237/511 528/251/524
f 509/461/505 508/224/504 521/467/517 522/468/518
f 510/226/506 509/461/505 522/468/518 523/469/519
f 503/228/499 315/241/1 516/242/512
f 511/462/507 510/226/506 523/469/519 524/470/520
f 504/463/500 503/228/499 516/242/512 517/471/513
f 512/464/508 511/462/507 524/470/520 525/472/521
f 505/232/501 504/463/500 517/471/513 518/246/514
f 513/233/509 512/464/508 525/472/521 526/247/522
f 506/465/502 505/232/501 518/246/514 519/473/515
f 514/459/510 513/233/509 526/247/522 527/474/523
f 507/460/503 506/465/502 519/473/515 520/466/516
f 515/237/511 514/459/510 527/474/523 528/251/524
f 320/267/8 528/251/524 541/475/537
f 522/468/518 521/467/517 534/476/530 535/477/531
f 523/469/519 522/468/518 535/477/531 536/478/532
f 516/242/512 315/254/1 529/479/525
f 524/470/520 523/469/519 536/478/532 537/480/533
f 517/471/513 516/242/512 529/479/525 530/481/526
f 525/472/521 524/470/520 537/480/533 538/482/534
f 518/246/514 517/471/513 530/481/526 531/483/527
f 526/247/522 525/472/521 538/482/534 539/484/535
f 519/473/515 518/246/514 531/483/527 532/485/528
f 527/474/523 526/247/522 539/484/535 540/486/536
f 520/466/516 519/473/515 532/485/528 533/487/529
f 528/251/524 527/474/523 540/486/536 541/475/537
f 521/467/517 520/466/516 533/487/529 534/476/530
f 536/478/532 535/477/531 548/488/236 549/489/544
f 529/479/525 315/283/1 542/271/538
f 537/480/533 536/478/532 549/489/544 550/490/545
f 530/481/526 529/479/525 542/271/538 543/491/539
f 538/482/534 537/480/533 550/490/545 551/492/546
f 531/483/527 530/481/526 543/491/539 544/493/540
f 539/484/535 538/482/534 551/492/546 552/494/547
f 532/485/528 531/483/527 544/493/540 545/495/541
f 540/486/536 539/484/535 552/494/547 553/496/548
f 533/487/529 532/485/528 545/495/541 546/497/542
f 541/475/537 540/486/536 553/496/548 554/279/549
f 534/476/530 533/487/529 546/497/542 547/280/543
f 320/281/8 541/475/537 554/279/549
f 535/477/531 534/476/530 547/280/543 548/488/236
f 549/498/544 548/307/236 561/499/556 562/500/557
f 542/285/538 315/311/1 555/286/550
f 550/289/545 549/498/544 562/500/557 563/501/558
f 543/502/539 542/285/538 555/286/550 556/503/551
f 551/504/546 550/289/545 563/501/558 564/505/559
f 544/506/540 543/502/539 556/503/551 557/507/552
f 552/508/547 551/504/546 564/505/559 565/509/560
f 545/510/541 544/506/540 557/507/552 558/511/553
f 553/512/548 552/508/547 565/509/560 566/513/561
f 546/300/542 545/510/541 558/511/553 559/514/554
f 554/302/549 553/512/548 566/513/561 567/303/562
f 547/304/543 546/300/542 559/514/554 560/305/555
f 320/306/8 554/302/549 567/303/562
f 548/307/236 547/304/543 560/305/555 561/499/556
f 555/286/550 315/325/1 568/326/563
f 563/501/558 562/500/557 575/515/570 576/516/571
f 556/503/551 555/286/550 568/326/563 569/517/564
f 564/505/559 563/501/558 576/516/571 577/518/572
f 557/507/552 556/503/551 569/517/564 570/519/565
f 565/509/560 564/505/559 577/518/572 578/520/573
f 558/511/553 557/507/552 570/519/565 571/521/566
f 566/513/561 565/509/560 578/520/573 579/522/574
f 559/514/554 558/511/553 571/521/566 572/523/567
f 567/303/562 566/513/561 579/522/574 580/320/575
f 560/305/555 559/514/554 572/523/567 573/321/568
f 320/322/8 567/303/562 580/320/575
f 561/499/556 560/305/555 573/321/568 574/524/569
f 562/500/557 561/499/556 574/524/569 575/515/570
f 576/516/571 575/515/570 588/525/583 589/526/584
f 569/517/564 568/326/563 581/527/576 582/528/577
f 577/518/572 576/516/571 589/526/584 590/529/585
f 570/519/565 569/517/564 582/528/577 583/530/578
f 578/520/573 577/518/572 590/529/585 591/531/586
f 571/521/566 570/519/565 583/530/578 584/532/579
f 579/522/574 578/520/573 591/531/586 592/533/587
f 572/523/567 571/521/566 584/532/579 585/534/580
f 580/320/575 579/522/574 592/533/587 593/535/588
f 573/321/568 572/523/567 585/534/580 586/536/581
f 320/335/8 580/320/575 593/535/588
f 574/524/569 573/321/568 586/536/581 587/537/582
f 575/515/570 574/524/569 587/537/582 588/525/583
f 568/326/563 315/338/1 581/527/576
f 590/529/585 589/526/584 602/538/597 603/539/598
f 583/530/578 582/528/577 595/540/590 596/541/591
f 591/531/586 590/529/585 603/539/598 604/542/599
f 584/532/579 583/530/578 596/541/591 597/543/592
f 592/533/587 591/531/586 604/542/599 605/544/600
f 585/534/580 584/532/579 597/543/592 598/545/593
f 593/535/588 592/533/587 605/544/600 606/546/601
f 586/536/581 585/534/580 598/545/593 599/547/594
f 320/349/8 593/535/588 606/546/601
f 587/537/582 586/536/581 599/547/594 600/548/595
f 588/525/583 587/537/582 600/548/595 601/549/596
f 581/527/576 315/352/1 594/550/589
f 589/526/584 588/525/583 601/549/596 602/538/597
f 582/528/577 581/527/576 594/550/589 595/540/590
f 596/541/591 595/540/590 608/551/603 609/552/604
f 604/542/599 603/539/598 616/553/611 617/554/612
f 597/543/592 596/541/591 609/552/604 610/555/605
f 605/544/600 604/542/599 617/554/612 618/556/613
f 598/545/593 597/543/592 610/555/605 611/557/606
f 606/546/601 605/544/600 618/556/613 619/361/614
f 599/547/594 598/545/593 611/557/606 612/558/607
f 320/363/8 606/546/601 619/361/614
f 600/548/595 599/547/594 612/558/607 613/559/608
f 601/549/596 600/548/595 613/559/608 614/560/609
f 594/550/589 315/366/1 607/367/602
f 602/538/597 601/549/596 614/560/609 615/561/610
f 595/540/590 594/550/589 607/367/602 608/551/603
f 603/539/598 602/538/597 615/561/610 616/553/611
f 617/554/612 616/553/611 318/19/317 627/374/621
f 610/555/605 609/552/604 621/377/616 317/25/316
f 618/556/613 617/554/612 627/374/621 319/27/318
f 611/557/606 610/555/605 317/25/316 622/2/617
f 619/361/614 618/556/613 319/27/318 628/6/622
f 612/558/607 611/557/606 622/2/617 623/1/618
f 320/562/8 619/361/614 628/6/622
f 613/559/608 612/558/607 623/1/618 624/375/310
f 614/560/609 613/559/608 624/375/310 625/10/619
f 607/367/602 315/563/1 620/12/615
f 615/561/610 614/560/609 625/10/619 626/376/620
f 608/551/603 607/367/602 620/12/615 316/17/315
f 616/553/611 615/561/610 626/376/620 318/19/317
f 609/552/604 608/551/603 316/17/315 621/377/616
f 629/307/623 630/564/624 632/565/626 631/499/625
f 631/499/625 632/565/626 634/566/628 633/524/627
f 633/524/627 634/566/628 636/567/630 635/537/629
f 635/537/629 636/567/630 638/568/632 637/548/631
f 637/548/631 638/568/632 640/569/634 639/570/633
f 639/570/633 640/569/634 642/571/636 641/572/635
f 641/572/635 642/571/636 644/573/638 643/574/637
f 643/574/637 644/573/638 646/575/640 645/576/639
f 645/576/639 646/575/640 648/577/642 647/578/641
f 647/578/641 648/577/642 650/579/644 649/580/643
f 649/580/643 650/579/644 652/581/646 651/582/645
f 651/582/645 652/581/646 654/583/648 653/584/647
f 653/584/647 654/583/648 656/585/650 655/586/649
f 655/586/649 656/585/650 658/587/652 657/588/651
f 657/588/651 658/587/652 660/589/654 659/590/653
f 659/590/653 660/589/654 662/591/656 661/592/655
f 661/592/655 662/591/656 664/593/658 663/594/657
f 663/594/657 664/593/658 666/595/660 665/596/659
f 665/596/659 666/595/660 668/597/662 667/598/661
f 667/598/661 668/597/662 670/599/664 669/600/663
f 669/600/663 670/599/664 672/601/666 671/602/665
f 671/602/665 672/601/666 674/603/668 673/604/667
f 632/605/626 630/606/624 676/607/670 674/608/668 672/609/666 670/610/664 668/611/662 666/612/660 664/613/658 662/614/656 660/615/654 658/616/652 656/617/650 654/618/648 652/619/646 650/620/644 648/621/642 646/622/640 644/623/638 642/624/636 640/625/634 638/626/632 636/627/630 634/628/628
f 673/604/667 674/603/668 676/629/670 675/630/669
f 675/630/669 676/629/670 630/631/624 629/632/623
f 629/633/623 631/634/625 633/635/627 635/636/629 637/637/631 639/638/633 641/639/635 643/640/637 645/641/639 647/642/641 649/643/643 651/644/645 653/645/647 655/646/649 657/647/651 659/648/653 661/649/655 663/650/657 665/651/659 667/652/661 669/653/663 671/654/665 673/655/667 675/656/669
f 677/307/671 678/564/672 680/325/674 679/657/673
f 679/657/673 680/325/674 682/658/676 681/336/675
f 681/336/675 682/658/676 684/366/678 683/659/677
f 683/659/677 684/366/678 686/660/680 685/8/679
f 685/8/679 686/660/680 688/34/682 687/661/681
f 687/661/681 688/34/682 690/662/684 689/44/683
f 689/44/683 690/662/684 692/74/686 691/663/685
f 691/663/685 692/74/686 694/664/688 693/102/687
f 693/102/687 694/664/688 696/131/690 695/665/689
f 695/665/689 696/131/690 698/666/692 697/424/691
f 697/424/691 698/666/692 700/173/694 699/667/693
f 699/667/693 700/173/694 702/668/696 701/184/695
f 701/184/695 702/668/696 704/214/698 703/669/697
f 703/669/697 704/214/698 706/670/700 705/225/699
f 680/671/674 678/606/672 708/672/702 706/673/700 704/674/698 702/675/696 700/676/694 698/677/692 696/678/690 694/679/688 692/680/686 690/681/684 688/682/682 686/624/680 684/683/678 682/627/676
f 705/225/699 706/670/700 708/684/702 707/685/701
f 707/685/701 708/684/702 678/686/672 677/488/671
f 677/633/671 679/687/673 681/636/675 683/688/677 685/639/679 687/689/681 689/690/683 691/691/685 693/692/687 695/693/689 697/694/691 699/695/693 701/651/695 703/696/697 705/654/699 707/697/701
f 714/698/8 794/699/782 721/700/712
f 713/701/705 712/702/704 719/703/710 720/704/711
f 711/8/310 793/705/781 717/706/708 718/32/709
f 710/707/703 792/708/780 715/709/706 716/710/707
f 794/699/782 713/701/705 720/704/711 721/700/712
f 712/702/704 711/8/310 718/32/709 719/703/710
f 793/705/781 710/707/703 716/710/707 717/706/708
f 792/708/780 709/711/1 715/709/706
f 721/700/712 720/704/711 727/712/718 728/713/719
f 719/703/710 718/32/709 725/59/716 726/714/717
f 717/706/708 716/710/707 723/715/714 724/716/715
f 715/709/706 709/662/1 722/717/713
f 714/718/8 721/700/712 728/713/719
f 720/704/711 719/703/710 726/714/717 727/712/718
f 718/32/709 717/706/708 724/716/715 725/59/716
f 716/710/707 715/709/706 722/717/713 723/715/714
f 726/714/717 725/59/716 732/102/80 733/719/723
f 724/716/715 723/715/714 730/720/721 731/721/722
f 722/717/713 709/722/1 729/723/720
f 714/724/8 728/713/719 735/725/725
f 727/712/718 726/714/717 733/719/723 734/726/724
f 725/59/716 724/716/715 731/721/722 732/102/80
f 723/715/714 722/717/713 729/723/720 730/720/721
f 728/713/719 727/712/718 734/726/724 735/725/725
f 714/727/8 735/725/725 742/728/732
f 734/726/724 733/719/723 740/729/730 741/730/731
f 732/102/80 731/721/722 738/731/728 739/418/729
f 730/720/721 729/723/720 736/732/726 737/733/727
f 735/725/725 734/726/724 741/730/731 742/728/732
f 733/719/723 732/102/80 739/418/729 740/729/730
f 731/721/722 730/720/721 737/733/727 738/731/728
f 729/723/720 709/734/1 736/732/726
f 739/418/729 738/731/728 745/735/735 746/428/736
f 737/733/727 736/732/726 743/736/733 744/737/734
f 742/728/732 741/730/731 748/738/738 749/739/739
f 740/729/730 739/418/729 746/428/736 747/740/737
f 738/731/728 737/733/727 744/737/734 745/735/735
f 736/732/726 709/666/1 743/736/733
f 714/741/8 742/728/732 749/739/739
f 741/730/731 740/729/730 747/740/737 748/738/738
f 749/739/739 748/738/738 755/742/744 756/743/745
f 747/740/737 746/428/736 753/184/158 754/744/743
f 745/735/735 744/737/734 751/745/741 752/746/742
f 743/736/733 709/747/1 750/748/740
f 714/749/8 749/739/739 756/743/745
f 748/738/738 747/740/737 754/744/743 755/742/744
f 746/428/736 745/735/735 752/746/742 753/184/158
f 744/737/734 743/736/733 750/748/740 751/745/741
f 752/746/742 751/745/741 758/750/747 759/751/748
f 750/748/740 709/752/1 757/753/746
f 714/754/8 756/743/745 763/755/752
f 755/742/744 754/744/743 761/756/750 762/757/751
f 753/184/158 752/746/742 759/751/748 760/758/749
f 751/745/741 750/748/740 757/753/746 758/750/747
f 756/743/745 755/742/744 762/757/751 763/755/752
f 754/744/743 753/184/158 760/758/749 761/756/750
f 714/759/8 763/755/752 770/760/759
f 762/757/751 761/756/750 768/761/757 769/762/758
f 760/758/749 759/751/748 766/763/755 767/239/756
f 758/750/747 757/753/746 764/764/753 765/765/754
f 763/755/752 762/757/751 769/762/758 770/760/759
f 761/756/750 760/758/749 767/239/756 768/761/757
f 759/751/748 758/750/747 765/765/754 766/763/755
f 757/753/746 709/670/1 764/764/753
f 765/765/754 764/764/753 771/766/760 772/767/761
f 770/760/759 769/762/758 776/768/764 777/769/765
f 768/761/757 767/239/756 774/488/236 775/770/763
f 766/763/755 765/765/754 772/767/761 773/771/762
f 764/764/753 709/772/1 771/766/760
f 714/773/8 770/760/759 777/769/765
f 769/762/758 768/761/757 775/770/763 776/768/764
f 767/239/756 766/763/755 773/771/762 774/488/236
f 777/774/765 776/775/764 783/776/771 784/777/772
f 775/778/763 774/307/236 781/524/769 782/779/770
f 773/780/762 772/781/761 779/782/767 780/783/768
f 771/784/760 709/565/1 778/785/766
f 714/786/8 777/774/765 784/777/772
f 776/775/764 775/778/763 782/779/770 783/776/771
f 774/307/236 773/780/762 780/783/768 781/524/769
f 772/781/761 771/784/760 778/785/766 779/782/767
f 778/785/766 709/567/1 785/787/773
f 714/788/8 784/777/772 791/789/779
f 783/776/771 782/779/770 789/790/777 790/791/778
f 781/524/769 780/783/768 787/792/775 788/350/776
f 779/782/767 778/785/766 785/787/773 786/793/774
f 784/777/772 783/776/771 790/791/778 791/789/779
f 782/779/770 781/524/769 788/350/776 789/790/777
f 780/783/768 779/782/767 786/793/774 787/792/775
f 790/791/778 789/790/777 712/702/704 713/701/705
f 788/350/776 787/792/775 793/705/781 711/8/310
f 786/793/774 785/787/773 792/708/780 710/707/703
f 791/789/779 790/791/778 713/701/705 794/699/782
f 789/790/777 788/350/776 711/8/310 712/702/704
f 787/792/775 786/793/774 710/707/703 793/705/781
f 785/787/773 709/794/1 792/708/780
f 714/795/8 791/789/779 794/699/782
f 800/698/8 880/699/782 807/700/712
f 799/701/705 798/702/704 805/703/710 806/704/711
f 797/8/310 879/705/781 803/706/708 804/32/709
f 796/707/703 878/708/780 801/709/706 802/710/707
f 880/699/782 799/701/705 806/704/711 807/700/712
f 798/702/704 797/8/310 804/32/709 805/703/710
f 879/705/781 796/707/703 802/710/707 803/706/708
f 878/708/780 795/711/1 801/709/706
f 802/710/707 801/709/706 808/717/713 809/715/714
f 807/700/712 806/704/711 813/712/718 814/713/719
f 805/703/710 804/32/709 811/59/716 812/714/717
f 803/706/708 802/710/707 809/715/714 810/716/715
f 801/709/706 795/662/1 808/717/713
f 800/718/8 807/700/712 814/713/719
f 806/704/711 805/703/710 812/714/717 813/712/718
f 804/32/709 803/706/708 810/716/715 811/59/716
f 814/713/719 813/712/718 820/726/724 821/725/725
f 812/714/717 811/59/716 818/102/80 819/719/723
f 810/716/715 809/715/714 816/720/721 817/721/722
f 808/717/713 795/722/1 815/723/720
f 800/724/8 814/713/719 821/725/725
f 813/712/718 812/714/717 819/719/723 820/726/724
f 811/59/716 810/716/715 817/721/722 818/102/80
f 809/715/714 808/717/713 815/723/720 816/720/721
f 815/723/720 795/734/1 822/732/726
f 800/727/8 821/725/725 828/728/732
f 820/726/724 819/719/723 826/729/730 827/730/731
f 818/102/80 817/721/722 824/731/728 825/418/729
f 816/720/721 815/723/720 822/732/726 823/733/727
f 821/725/725 820/726/724 827/730/731 828/728/732
f 819/719/723 818/102/80 825/418/729 826/729/730
f 817/721/722 816/720/721 823/733/727 824/731/728
f 827/730/731 826/729/730 833/740/737 834/738/738
f 825/418/729 824/731/728 831/735/735 832/428/736
f 823/733/727 822/732/726 829/736/733 830/737/734
f 828/728/732 827/730/731 834/738/738 835/739/739
f 826/729/730 825/418/729 832/428/736 833/740/737
f 824/731/728 823/733/727 830/737/734 831/735/735
f 822/732/726 795/666/1 829/736/733
f 800/741/8 828/728/732 835/739/739
f 835/739/739 834/738/738 841/742/744 842/743/745
f 833/740/737 832/428/736 839/184/158 840/744/743
f 831/735/735 830/737/734 837/745/741 838/746/742
f 829/736/733 795/747/1 836/748/740
f 800/749/8 835/739/739 842/743/745
f 834/738/738 833/740/737 840/744/743 841/742/744
f 832/428/736 831/735/735 838/746/742 839/184/158
f 830/737/734 829/736/733 836/748/740 837/745/741
f 840/744/743 839/184/158 846/758/749 847/756/750
f 838/746/742 837/745/741 844/750/747 845/751/748
f 836/748/740 795/752/1 843/753/746
f 800/754/8 842/743/745 849/755/752
f 841/742/744 840/744/743 847/756/750 848/757/751
f 839/184/158 838/746/742 845/751/748 846/758/749
f 837/745/741 836/748/740 843/753/746 844/750/747
f 842/743/745 841/742/744 848/757/751 849/755/752
f 800/759/8 849/755/752 856/760/759
f 848/757/751 847/756/750 854/761/757 855/762/758
f 846/758/749 845/751/748 852/763/755 853/239/756
f 844/750/747 843/753/746 850/764/753 851/765/754
f 849/755/752 848/757/751 855/762/758 856/760/759
f 847/756/750 846/758/749 853/239/756 854/761/757
f 845/751/748 844/750/747 851/765/754 852/763/755
f 843/753/746 795/670/1 850/764/753
f 853/239/756 852/763/755 859/771/762 860/488/236
f 851/765/754 850/764/753 857/766/760 858/767/761
f 856/760/759 855/762/758 862/768/764 863/769/765
f 854/761/757 853/239/756 860/488/236 861/770/763
f 852/763/755 851/765/754 858/767/761 859/771/762
f 850/764/753 795/772/1 857/766/760
f 800/773/8 856/760/759 863/769/765
f 855/762/758 854/761/757 861/770/763 862/768/764
f 863/774/765 862/775/764 869/776/771 870/777/772
f 861/778/763 860/307/236 867/524/769 868/779/770
f 859/780/762 858/781/761 865/782/767 866/783/768
f 857/784/760 795/565/1 864/785/766
f 800/786/8 863/774/765 870/777/772
f 862/775/764 861/778/763 868/779/770 869/776/771
f 860/307/236 859/780/762 866/783/768 867/524/769
f 858/781/761 857/784/760 864/785/766 865/782/767
f 866/783/768 865/782/767 872/793/774 873/792/775
f 864/785/766 795/567/1 871/787/773
f 800/788/8 870/777/772 877/789/779
f 869/776/771 868/779/770 875/790/777 876/791/778
f 867/524/769 866/783/768 873/792/775 874/350/776
f 865/782/767 864/785/766 871/787/773 872/793/774
f 870/777/772 869/776/771 876/791/778 877/789/779
f 868/779/770 867/524/769 874/350/776 875/790/777
f 800/795/8 877/789/779 880/699/782
f 876/791/778 875/790/777 798/702/704 799/701/705
f 874/350/776 873/792/775 879/705/781 797/8/310
f 872/793/774 871/787/773 878/708/780 796/707/703
f 877/789/779 876/791/778 799/701/705 880/699/782
f 875/790/777 874/350/776 797/8/310 798/702/704
f 873/792/775 872/793/774 796/707/703 879/705/781
f 871/787/773 795/794/1 878/708/780
f 964/708/860 881/711/1 887/709/786
f 886/698/8 966/699/862 893/700/792
f 885/701/785 884/702/784 891/703/790 892/704/791
f 883/8/310 965/705/861 889/706/788 890/32/789
f 882/707/783 964/708/860 887/709/786 888/710/787
f 966/699/862 885/701/785 892/704/791 893/700/792
f 884/702/784 883/8/310 890/32/789 891/703/790
f 965/705/861 882/707/783 888/710/787 889/706/788
f 890/32/789 889/706/788 896/716/795 897/59/796
f 888/710/787 887/709/786 894/717/793 895/715/794
f 893/700/792 892/704/791 899/712/798 900/713/799
f 891/703/790 890/32/789 897/59/796 898/714/797
f 889/706/788 888/710/787 895/715/794 896/716/795
f 887/709/786 881/662/1 894/717/793
f 886/718/8 893/700/792 900/713/799
f 892/704/791 891/703/790 898/714/797 899/712/798
f 900/713/799 899/712/798 906/726/804 907/725/805
f 898/714/797 897/59/796 904/102/80 905/719/803
f 896/716/795 895/715/794 902/720/801 903/721/802
f 894/717/793 881/722/1 901/723/800
f 886/724/8 900/713/799 907/725/805
f 899/712/798 898/714/797 905/719/803 906/726/804
f 897/59/796 896/716/795 903/721/802 904/102/80
f 895/715/794 894/717/793 901/723/800 902/720/801
f 903/721/802 902/720/801 909/733/807 910/731/808
f 901/723/800 881/734/1 908/732/806
f 886/727/8 907/725/805 914/728/812
f 906/726/804 905/719/803 912/729/810 913/730/811
f 904/102/80 903/721/802 910/731/808 911/418/809
f 902/720/801 901/723/800 908/732/806 909/733/807
f 907/725/805 906/726/804 913/730/811 914/728/812
f 905/719/803 904/102/80 911/418/809 912/729/810
f 886/741/8 914/728/812 921/739/819
f 913/730/811 912/729/810 919/740/817 920/738/818
f 911/418/809 910/731/808 917/735/815 918/428/816
f 909/733/807 908/732/806 915/736/813 916/737/814
f 914/728/812 913/730/811 920/738/818 921/739/819
f 912/729/810 911/418/809 918/428/816 919/740/817
f 910/731/808 909/733/807 916/737/814 917/735/815
f 908/732/806 881/666/1 915/736/813
f 916/737/814 915/736/813 922/748/820 923/745/821
f 921/739/819 920/738/818 927/742/824 928/743/825
f 919/740/817 918/428/816 925/184/158 926/744/823
f 917/735/815 916/737/814 923/745/821 924/746/822
f 915/736/813 881/747/1 922/748/820
f 886/749/8 921/739/819 928/743/825
f 920/738/818 919/740/817 926/744/823 927/742/824
f 918/428/816 917/735/815 924/746/822 925/184/158
f 928/743/825 927/742/824 934/757/831 935/755/832
f 926/744/823 925/184/158 932/758/829 933/756/830
f 924/746/822 923/745/821 930/750/827 931/751/828
f 922/748/820 881/752/1 929/753/826
f 886/754/8 928/743/825 935/755/832
f 927/742/824 926/744/823 933/756/830 934/757/831
f 925/184/158 924/746/822 931/751/828 932/758/829
f 923/745/821 922/748/820 929/753/826 930/750/827
f 929/753/826 881/670/1 936/764/833
f 886/759/8 935/755/832 942/760/839
f 934/757/831 933/756/830 940/761/837 941/762/838
f 932/758/829 931/751/828 938/763/835 939/239/836
f 930/750/827 929/753/826 936/764/833 937/765/834
f 935/755/832 934/757/831 941/762/838 942/760/839
f 933/756/830 932/758/829 939/239/836 940/761/837
f 931/751/828 930/750/827 937/765/834 938/763/835
f 941/762/838 940/761/837 947/770/843 948/768/844
f 939/239/836 938/763/835 945/771/842 946/488/236
f 937/765/834 936/764/833 943/766/840 944/767/841
f 942/760/839 941/762/838 948/768/844 949/769/845
f 940/761/837 939/239/836 946/488/236 947/770/843
f 938/763/835 937/765/834 944/767/841 945/771/842
f 936/764/833 881/772/1 943/766/840
f 886/773/8 942/760/839 949/769/845
f 949/774/845 948/775/844 955/776/851 956/777/852
f 947/778/843 946/307/236 953/524/849 954/779/850
f 945/780/842 944/781/841 951/782/847 952/783/848
f 943/784/840 881/565/1 950/785/846
f 886/786/8 949/774/845 956/777/852
f 948/775/844 947/778/843 954/779/850 955/776/851
f 946/307/236 945/780/842 952/783/848 953/524/849
f 944/781/841 943/784/840 950/785/846 951/782/847
f 954/779/850 953/524/849 960/350/856 961/790/857
f 952/783/848 951/782/847 958/793/854 959/792/855
f 950/785/846 881/567/1 957/787/853
f 886/788/8 956/777/852 963/789/859
f 955/776/851 954/779/850 961/790/857 962/791/858
f 953/524/849 952/783/848 959/792/855 960/350/856
f 951/782/847 950/785/846 957/787/853 958/793/854
f 956/777/852 955/776/851 962/791/858 963/789/859
f 886/795/8 963/789/859 966/699/862
f 962/791/858 961/790/857 884/702/784 885/701/785
f 960/350/856 959/792/855 965/705/861 883/8/310
f 958/793/854 957/787/853 964/708/860 882/707/783
f 963/789/859 962/791/858 885/701/785 966/699/862
f 961/790/857 960/350/856 883/8/310 884/702/784
f 959/792/855 958/793/854 882/707/783 965/705/861
f 957/787/853 881/794/1 964/708/860
f 1051/705/861 968/707/783 974/710/787 975/706/788
f 1050/708/860 967/711/1 973/709/786
f 972/698/8 1052/699/862 979/700/792
f 971/701/785 970/702/784 977/703/790 978/704/791
f 969/8/310 1051/705/861 975/706/788 976/32/789
f 968/707/783 1050/708/860 973/709/786 974/710/787
f 1052/699/862 971/701/785 978/704/791 979/700/792
f 970/702/784 969/8/310 976/32/789 977/703/790
f 978/704/791 977/703/790 984/714/797 985/712/798
f 976/32/789 975/706/788 982/716/795 983/59/796
f 974/710/787 973/709/786 980/717/793 981/715/794
f 979/700/792 978/704/791 985/712/798 986/713/799
f 977/703/790 976/32/789 983/59/796 984/714/797
f 975/706/788 974/710/787 981/715/794 982/716/795
f 973/709/786 967/662/1 980/717/793
f 972/718/8 979/700/792 986/713/799
f 986/713/799 985/712/798 992/726/804 993/725/805
f 984/714/797 983/59/796 990/102/80 991/719/803
f 982/716/795 981/715/794 988/720/801 989/721/802
f 980/717/793 967/722/1 987/723/800
f 972/724/8 986/713/799 993/725/805
f 985/712/798 984/714/797 991/719/803 992/726/804
f 983/59/796 982/716/795 989/721/802 990/102/80
f 981/715/794 980/717/793 987/723/800 988/720/801
f 991/719/803 990/102/80 997/418/809 998/729/810
f 989/721/802 988/720/801 995/733/807 996/731/808
f 987/723/800 967/734/1 994/732/806
f 972/727/8 993/725/805 1000/728/812
f 992/726/804 991/719/803 998/729/810 999/730/811
f 990/102/80 989/721/802 996/731/808 997/418/809
f 988/720/801 987/723/800 994/732/806 995/733/807
f 993/725/805 992/726/804 999/730/811 1000/728/812
f 972/741/8 1000/728/812 1007/739/819
f 999/730/811 998/729/810 1005/740/817 1006/738/818
f 997/418/809 996/731/808 1003/735/815 1004/428/816
f 995/733/807 994/732/806 1001/736/813 1002/737/814
f 1000/728/812 999/730/811 1006/738/818 1007/739/819
f 998/729/810 997/418/809 1004/428/816 1005/740/817
f 996/731/808 995/733/807 1002/737/814 1003/735/815
f 994/732/806 967/666/1 1001/736/813
f 1004/428/816 1003/735/815 1010/746/822 1011/184/158
f 1002/737/814 1001/736/813 1008/748/820 1009/745/821
f 1007/739/819 1006/738/818 1013/742/824 1014/743/825
f 1005/740/817 1004/428/816 1011/184/158 1012/744/823
f 1003/735/815 1002/737/814 1009/745/821 1010/746/822
f 1001/736/813 967/747/1 1008/748/820
f 972/749/8 1007/739/819 1014/743/825
f 1006/738/818 1005/740/817 1012/744/823 1013/742/824
f 1014/743/825 1013/742/824 1020/757/831 1021/755/832
f 1012/744/823 1011/184/158 1018/758/829 1019/756/830
f 1010/746/822 1009/745/821 1016/750/827 1017/751/828
f 1008/748/820 967/752/1 1015/753/826
f 972/754/8 1014/743/825 1021/755/832
f 1013/742/824 1012/744/823 1019/756/830 1020/757/831
f 1011/184/158 1010/746/822 1017/751/828 1018/758/829
f 1009/745/821 1008/748/820 1015/753/826 1016/750/827
f 1017/751/828 1016/750/827 1023/765/834 1024/763/835
f 1015/753/826 967/670/1 1022/764/833
f 972/759/8 1021/755/832 1028/760/839
f 1020/757/831 1019/756/830 1026/761/837 1027/762/838
f 1018/758/829 1017/751/828 1024/763/835 1025/239/836
f 1016/750/827 1015/753/826 1022/764/833 1023/765/834
f 1021/755/832 1020/757/831 1027/762/838 1028/760/839
f 1019/756/830 1018/758/829 1025/239/836 1026/761/837
f 972/773/8 1028/760/839 1035/769/845
f 1027/762/838 1026/761/837 1033/770/843 1034/768/844
f 1025/239/836 1024/763/835 1031/771/842 1032/488/236
f 1023/765/834 1022/764/833 1029/766/840 1030/767/841
f 1028/760/839 1027/762/838 1034/768/844 1035/769/845
f 1026/761/837 1025/239/836 1032/488/236 1033/770/843
f 1024/763/835 1023/765/834 1030/767/841 1031/771/842
f 1022/764/833 967/772/1 1029/766/840
f 1030/781/841 1029/784/840 1036/785/846 1037/782/847
f 1035/774/845 1034/775/844 1041/776/851 1042/777/852
f 1033/778/843 1032/307/236 1039/524/849 1040/779/850
f 1031/780/842 1030/781/841 1037/782/847 1038/783/848
f 1029/784/840 967/565/1 1036/785/846
f 972/786/8 1035/774/845 1042/777/852
f 1034/775/844 1033/778/843 1040/779/850 1041/776/851
f 1032/307/236 1031/780/842 1038/783/848 1039/524/849
f 1042/777/852 1041/776/851 1048/791/858 1049/789/859
f 1040/779/850 1039/524/849 1046/350/856 1047/790/857
f 1038/783/848 1037/782/847 1044/793/854 1045/792/855
f 1036/785/846 967/567/1 1043/787/853
f 972/788/8 1042/777/852 1049/789/859
f 1041/776/851 1040/779/850 1047/790/857 1048/791/858
f 1039/524/849 1038/783/848 1045/792/855 1046/350/856
f 1037/782/847 1036/785/846 1043/787/853 1044/793/854
f 1043/787/853 967/794/1 1050/708/860
f 972/795/8 1049/789/859 1052/699/862
f 1048/791/858 1047/790/857 970/702/784 971/701/785
f 1046/350/856 1045/792/855 1051/705/861 969/8/310
f 1044/793/854 1043/787/853 1050/708/860 968/707/783
f 1049/789/859 1048/791/858 971/701/785 1052/699/862
f 1047/790/857 1046/350/856 969/8/310 970/702/784
f 1045/792/855 1044/793/854 968/707/783 1051/705/861
